ABCマート,ABCマート,ABCマート,カスタム名詞
ADEKA,ADEKA,ADEKA,カスタム名詞
AOCホールディングス,AOCホールディングス,AOCホールディングス,カスタム名詞
AOKIホールディングス,AOKIホールディングス,AOKIホールディングス,カスタム名詞
CFSコーポレーション,CFSコーポレーション,CFSコーポレーション,カスタム名詞
DCMホールディングス,DCMホールディングス,DCMホールディングス,カスタム名詞
DIC株式会社,DIC株式会社,ディーアイシー,カスタム名詞
DOWAホールディングス,DOWAホールディングス,DOWAホールディングス,カスタム名詞
DTS,DTS,DTS,カスタム名詞
F&Aアクアホールディングス,F&Aアクアホールディングス,F&Aアクアホールディングス,カスタム名詞
G-7ホールディングス,G-7ホールディングス,G-7ホールディングス,カスタム名詞
GMOインターネット,GMOインターネット,GMOインターネット,カスタム名詞
GMOペイメントゲートウェイ,GMOペイメントゲートウェイ,GMOペイメントゲートウェイ,カスタム名詞
GSIクレオス,GSIクレオス,GSIクレオス,カスタム名詞
HOYA,HOYA,HOYA,カスタム名詞
IDEC,IDEC,IDEC,カスタム名詞
IHI,IHI,IHI,カスタム名詞
ITホールディングス,ITホールディングス,ITホールディングス,カスタム名詞
J-オイルミルズ,J-オイルミルズ,J-オイルミルズ,カスタム名詞
J.フロントリテイリング,J.フロントリテイリング,J.フロントリテイリング,カスタム名詞
JALUX,JALUX,JALUX,カスタム名詞
JFEホールディングス,JFEホールディングス,JFEホールディングス,カスタム名詞
JFE商事ホールディングス,JFE商事ホールディングス,ジェイエフイーショウジホールディングス,カスタム名詞
JPホールディングス,JPホールディングス,JPホールディングス,カスタム名詞
JPモルガン・チェース,JPモルガン・チェース,JPモルガン・チェース,カスタム名詞
JSR,JSR,JSR,カスタム名詞
JUKI,JUKI,JUKI,カスタム名詞
JVCケンウッド,JVCケンウッド,JVCケンウッド,カスタム名詞
JXホールディングス,JXホールディングス,JXホールディングス,カスタム名詞
KDDI,KDDI,KDDI,カスタム名詞
KLab,KLab,KLab,カスタム名詞
LIXILグループ,LIXILグループ,LIXILグループ,カスタム名詞
MARUWA,MARUWA,MARUWA,カスタム名詞
MORESCO,MORESCO,MORESCO,カスタム名詞
MS&ADインシュアランスグループホールディングス,MS&ADインシュアランスグループホールディングス,MS&ADインシュアランスグループホールディングス,カスタム名詞
MonotaRO,MonotaRO,MonotaRO,カスタム名詞
NECキャピタルソリューション,NECキャピタルソリューション,NECキャピタルソリューション,カスタム名詞
NECネッツエスアイ,NECネッツエスアイ,NECネッツエスアイ,カスタム名詞
NECフィールディング,NECフィールディング,NECフィールディング,カスタム名詞
NIPPO,NIPPO,NIPPO,カスタム名詞
NKSJホールディングス,NKSJホールディングス,NKSJホールディングス,カスタム名詞
NOK,NOK,NOK,カスタム名詞
NSD,NSD,NSD,カスタム名詞
NSユナイテッド海運,NSユナイテッド海運,NSユナイテッドカイウン,カスタム名詞
NTN,NTN,NTN,カスタム名詞
NTTデータ,NTTデータ,NTTデータ,カスタム名詞
NTTドコモ,NTTドコモ,NTTドコモ,カスタム名詞
NTT都市開発,NTT都市開発,NTTトシカイハツ,カスタム名詞
PGMホールディングス,PGMホールディングス,PGMホールディングス,カスタム名詞
Paltac,Paltac,Paltac,カスタム名詞
SBIホールディングス,SBIホールディングス,SBIホールディングス,カスタム名詞
SCSK,SCSK,SCSK,カスタム名詞
SMBCコンシューマーファイナンス,SMBCコンシューマーファイナンス,SMBCコンシューマーファイナンス,カスタム名詞
SMC,SMC,SMC,カスタム名詞
SMK,SMK,SMK,カスタム名詞
SRAホールディングス,SRAホールディングス,SRAホールディングス,カスタム名詞
SUMCO,SUMCO,SUMCO,カスタム名詞
T&Dホールディングス,T&Dホールディングス,T&Dホールディングス,カスタム名詞
TAC,TAC,TAC,カスタム名詞
TASAKI,TASAKI,TASAKI,カスタム名詞
TBK,TBK,TBK,カスタム名詞
TDK,TDK,TDK,カスタム名詞
THK,THK,THK,カスタム名詞
TKC,TKC,TKC,カスタム名詞
TOA,TOA,TOA,カスタム名詞
TOKAIホールディングス,TOKAIホールディングス,TOKAIホールディングス,カスタム名詞
TOTO,TOTO,TOTO,カスタム名詞
TOWA,TOWA,TOWA,カスタム名詞
TPR,TPR,TPR,カスタム名詞
TSIホールディングス,TSIホールディングス,TSIホールディングス,カスタム名詞
UBS,UBS,UBS,カスタム名詞
WOWOW,WOWOW,WOWOW,カスタム名詞
あおぞら銀行,あおぞら銀行,アオゾラギンコウ,カスタム名詞
あさひ,あさひ,アサヒ,カスタム名詞
あすか製薬,あすか製薬,アスカセイヤク,カスタム名詞
あみやき亭,あみやき亭,アミヤキテイ,カスタム名詞
あらた,あらた,アラタ,カスタム名詞
いすゞ自動車,いすゞ自動車,イスズジドウシャ,カスタム名詞
いちよし証券,いちよし証券,イチヨシショウケン,カスタム名詞
いなげや,いなげや,イナゲヤ,カスタム名詞
かっぱ寿司,かっぱ寿司,カッパズシ,カスタム名詞
きんでん,きんでん,キンデン,カスタム名詞
くらコーポレーション,くらコーポレーション,クラコーポレーション,カスタム名詞
ぐるなび,ぐるなび,グルナビ,カスタム名詞
さが美,さが美,サガミ,カスタム名詞
しまむら,しまむら,シマムラ,カスタム名詞
じもとホールディングス,じもとホールディングス,ジモトホールディングス,カスタム名詞
すてきナイスグループ,すてきナイスグループ,ステキナイスグループ,カスタム名詞
だいこう証券ビジネス,だいこう証券ビジネス,ダイコウショウケンビジネス,カスタム名詞
なとり,なとり,ナトリ,カスタム名詞
はるやま商事,はるやま商事,ハルヤマショウジ,カスタム名詞
ぴあ,ぴあ,ピア,カスタム名詞
ふくおかフィナンシャルグループ,ふくおかフィナンシャルグループ,フクオカフィナンシャルグループ,カスタム名詞
ほくほくフィナンシャルグループ,ほくほくフィナンシャルグループ,ホクホクフィナンシャルグループ,カスタム名詞
みずほインベスターズ証券,みずほインベスターズ証券,ミズホインベスターズショウケン,カスタム名詞
みずほフィナンシャルグループ,みずほフィナンシャルグループ,ミズホフィナンシャルグループ,カスタム名詞
みちのく銀行,みちのく銀行,ミチノクギンコウ,カスタム名詞
みなと銀行,みなと銀行,ミナトギンコウ,カスタム名詞
みらかホールディングス,みらかホールディングス,ミラカホールディングス,カスタム名詞
もしもしホットライン,もしもしホットライン,モシモシホットライン,カスタム名詞
やまびこ,やまびこ,ヤマビコ,カスタム名詞
やまや,やまや,ヤマヤ,カスタム名詞
よみうりランド,よみうりランド,ヨミウリランド,カスタム名詞
りそなホールディングス,りそなホールディングス,リソナホールディングス,カスタム名詞
わかもと製薬,わかもと製薬,ワカモトセイヤク,カスタム名詞
わらべや日洋,わらべや日洋,ワラベヤニチヨウ,カスタム名詞
アイカ工業,アイカ工業,アイカコウギョウ,カスタム名詞
アイコム,アイコム,アイコム,カスタム名詞
アイシン精機,アイシン精機,アイシンセイキ,カスタム名詞
アイダエンジニアリング,アイダエンジニアリング,アイダエンジニアリング,カスタム名詞
アイチコーポレーション,アイチコーポレーション,アイチコーポレーション,カスタム名詞
アイティフォー,アイティフォー,アイティフォー,カスタム名詞
アイネス,アイネス,アイネス,カスタム名詞
アイネット,アイネット,アイネット,カスタム名詞
アイフル,アイフル,アイフル,カスタム名詞
アイホン,アイホン,アイホン,カスタム名詞
アインファーマシーズ,アインファーマシーズ,アインファーマシーズ,カスタム名詞
アイ・ティー・シーネットワーク,アイ・ティー・シーネットワーク,アイ・ティー・シーネットワーク,カスタム名詞
アキレス,アキレス,アキレス,カスタム名詞
アクセル,アクセル,アクセル,カスタム名詞
アクリーティブ,アクリーティブ,アクリーティブ,カスタム名詞
アグレックス,アグレックス,アグレックス,カスタム名詞
アコム,アコム,アコム,カスタム名詞
アコーディア・ゴルフ,アコーディア・ゴルフ,アコーディア・ゴルフ,カスタム名詞
アサックス,アサックス,アサックス,カスタム名詞
アサツーディ・ケイ,アサツーディ・ケイ,アサツーディ・ケイ,カスタム名詞
アサヒグループホールディングス,アサヒグループホールディングス,アサヒグループホールディングス,カスタム名詞
アシックス,アシックス,アシックス,カスタム名詞
アスクル,アスクル,アスクル,カスタム名詞
アステラス製薬,アステラス製薬,アステラスセイヤク,カスタム名詞
アズビル,アズビル,アズビル,カスタム名詞
アズワン,アズワン,アズワン,カスタム名詞
アゼル,アゼル,アゼル,カスタム名詞
アタカ大機,アタカ大機,アタカダイキ,カスタム名詞
アツギ,アツギ,アツギ,カスタム名詞
アドバネクス,アドバネクス,アドバネクス,カスタム名詞
アドバンテスト,アドバンテスト,アドバンテスト,カスタム名詞
アネスト岩田,アネスト岩田,アネストイワタ,カスタム名詞
アマダ,アマダ,アマダ,カスタム名詞
アマノ,アマノ,アマノ,カスタム名詞
アミューズ,アミューズ,アミューズ,カスタム名詞
アメリカンファミリー生命保険会社,アメリカンファミリー生命保険会社,アメリカンファミリーセイメイホケンガイシャ,カスタム名詞
アメリカン・インターナショナル・グループ,アメリカン・インターナショナル・グループ,アメリカン・インターナショナル・グループ,カスタム名詞
アリアケジャパン,アリアケジャパン,アリアケジャパン,カスタム名詞
アルコニックス,アルコニックス,アルコニックス,カスタム名詞
アルテック,アルテック,アルテック,カスタム名詞
アルバック,アルバック,アルバック,カスタム名詞
アルパイン,アルパイン,アルパイン,カスタム名詞
アルファ,アルファ,アルファ,カスタム名詞
アルファシステムズ,アルファシステムズ,アルファシステムズ,カスタム名詞
アルフレッサホールディングス,アルフレッサホールディングス,アルフレッサホールディングス,カスタム名詞
アルプス技研,アルプス技研,アルプスギケン,カスタム名詞
アルプス電気,アルプス電気,アルプスデンキ,カスタム名詞
アルペン,アルペン,アルペン,カスタム名詞
アンリツ,アンリツ,アンリツ,カスタム名詞
アークスグループ,アークスグループ,アークスグループ,カスタム名詞
アークランドサカモト,アークランドサカモト,アークランドサカモト,カスタム名詞
アース製薬,アース製薬,アースセイヤク,カスタム名詞
アーネストワン,アーネストワン,アーネストワン,カスタム名詞
イエローハット,イエローハット,イエローハット,カスタム名詞
イオン,イオン,イオン,カスタム名詞
イオンクレジットサービス,イオンクレジットサービス,イオンクレジットサービス,カスタム名詞
イオンディライト,イオンディライト,イオンディライト,カスタム名詞
イオンファンタジー,イオンファンタジー,イオンファンタジー,カスタム名詞
イオンモール,イオンモール,イオンモール,カスタム名詞
イオン北海道,イオン北海道,イオンホッカイドウ,カスタム名詞
イズミ,イズミ,イズミ,カスタム名詞
イズミヤ,イズミヤ,イズミヤ,カスタム名詞
イチカワ,イチカワ,イチカワ,カスタム名詞
イチネンホールディングス,イチネンホールディングス,イチネンホールディングス,カスタム名詞
イトーキ,イトーキ,イトーキ,カスタム名詞
イハラケミカル工業,イハラケミカル工業,イハラケミカルコウギョウ,カスタム名詞
イビデン,イビデン,イビデン,カスタム名詞
イワキ,イワキ,イワキ,カスタム名詞
インターネットイニシアティブ,インターネットイニシアティブ,インターネットイニシアティブ,カスタム名詞
インテージ,インテージ,インテージ,カスタム名詞
インプレスホールディングス,インプレスホールディングス,インプレスホールディングス,カスタム名詞
イーグル工業,イーグル工業,イーグルコウギョウ,カスタム名詞
イー・アクセス,イー・アクセス,イー・アクセス,カスタム名詞
ウェアハウス,ウェアハウス,ウェアハウス,カスタム名詞
ウェザーニューズ,ウェザーニューズ,ウェザーニューズ,カスタム名詞
ウエルシアホールディングス,ウエルシアホールディングス,ウエルシアホールディングス,カスタム名詞
ウシオ電機,ウシオ電機,ウシオデンキ,カスタム名詞
ウッドワン,ウッドワン,ウッドワン,カスタム名詞
エア・ウォーター,エア・ウォーター,エア・ウォーター,カスタム名詞
エイゴン,エイゴン,エイゴン,カスタム名詞
エイチ・アイ・エス,エイチ・アイ・エス,エイチ・アイ・エス,カスタム名詞
エイチ・ツー・オーリテイリング,エイチ・ツー・オーリテイリング,エイチ・ツー・オーリテイリング,カスタム名詞
エイベックスグループ,エイベックスグループ,エイベックスグループ,カスタム名詞
エクセディ,エクセディ,エクセディ,カスタム名詞
エコス,エコス,エコス,カスタム名詞
エコナックホールディングス,エコナックホールディングス,エコナックホールディングス,カスタム名詞
エコートレーディング,エコートレーディング,エコートレーディング,カスタム名詞
エスケイジャパン,エスケイジャパン,エスケイジャパン,カスタム名詞
エステー,エステー,エステー,カスタム名詞
エスフーズ,エスフーズ,エスフーズ,カスタム名詞
エスペック,エスペック,エスペック,カスタム名詞
エス・エム・エス,エス・エム・エス,エス・エム・エス,カスタム名詞
エス・バイ・エル,エス・バイ・エル,エス・バイ・エル,カスタム名詞
エディオン,エディオン,エディオン,カスタム名詞
エフテック,エフテック,エフテック,カスタム名詞
エフピコ,エフピコ,エフピコ,カスタム名詞
エフ・シー・シー,エフ・シー・シー,エフ・シー・シー,カスタム名詞
エムスリー,エムスリー,エムスリー,カスタム名詞
エルピーダメモリ,エルピーダメモリ,エルピーダメモリ,カスタム名詞
エレマテック,エレマテック,エレマテック,カスタム名詞
エンシュウ,エンシュウ,エンシュウ,カスタム名詞
エンプラス,エンプラス,エンプラス,カスタム名詞
エーアイテイー,エーアイテイー,エーアイテイー,カスタム名詞
エーザイ,エーザイ,エーザイ,カスタム名詞
エー・アンド・デイ,エー・アンド・デイ,エー・アンド・デイ,カスタム名詞
オイレス工業,オイレス工業,オイレスコウギョウ,カスタム名詞
オエノンホールディングス,オエノンホールディングス,オエノンホールディングス,カスタム名詞
オカモト,オカモト,オカモト,カスタム名詞
オハラ,オハラ,オハラ,カスタム名詞
オプテックス,オプテックス,オプテックス,カスタム名詞
オムロン,オムロン,オムロン,カスタム名詞
オリエンタルランド,オリエンタルランド,オリエンタルランド,カスタム名詞
オリエントコーポレーション,オリエントコーポレーション,オリエントコーポレーション,カスタム名詞
オリックス,オリックス,オリックス,カスタム名詞
オリンパス,オリンパス,オリンパス,カスタム名詞
オリンピック,オリンピック,オリンピック,カスタム名詞
オルガノ,オルガノ,オルガノ,カスタム名詞
オンワードホールディングス,オンワードホールディングス,オンワードホールディングス,カスタム名詞
オーイズミ,オーイズミ,オーイズミ,カスタム名詞
オーエスジー,オーエスジー,オーエスジー,カスタム名詞
オークマ,オークマ,オークマ,カスタム名詞
オークワ,オークワ,オークワ,カスタム名詞
オートバックスセブン,オートバックスセブン,オートバックスセブン,カスタム名詞
オービック,オービック,オービック,カスタム名詞
オービックビジネスコンサルタント,オービックビジネスコンサルタント,オービックビジネスコンサルタント,カスタム名詞
カカクコム,カカクコム,カカクコム,カスタム名詞
カゴメ,カゴメ,カゴメ,カスタム名詞
カシオ計算機,カシオ計算機,カシオケイサンキ,カスタム名詞
カスミ,カスミ,カスミ,カスタム名詞
カナデン,カナデン,カナデン,カスタム名詞
カナモト,カナモト,カナモト,カスタム名詞
カナレ電気,カナレ電気,カナレデンキ,カスタム名詞
カネカ,カネカ,カネカ,カスタム名詞
カブドットコム証券,カブドットコム証券,カブドットコムショウケン,カスタム名詞
カプコン,カプコン,カプコン,カスタム名詞
カメイ,カメイ,カメイ,カスタム名詞
カヤバ工業,カヤバ工業,カヤバコウギョウ,カスタム名詞
カルソニックカンセイ,カルソニックカンセイ,カルソニックカンセイ,カスタム名詞
カルビー,カルビー,カルビー,カスタム名詞
カワチ薬品,カワチ薬品,カワチヤクヒン,カスタム名詞
ガリバーインターナショナル,ガリバーインターナショナル,ガリバーインターナショナル,カスタム名詞
キッコーマン,キッコーマン,キッコーマン,カスタム名詞
キッセイ薬品工業,キッセイ薬品工業,キッセイヤクヒンコウギョウ,カスタム名詞
キッツ,キッツ,キッツ,カスタム名詞
キトー,キトー,キトー,カスタム名詞
キムラユニティー,キムラユニティー,キムラユニティー,カスタム名詞
キャンドゥ,キャンドゥ,キャンドゥ,カスタム名詞
キヤノン,キヤノン,キヤノン,カスタム名詞
キヤノンマーケティングジャパン,キヤノンマーケティングジャパン,キヤノンマーケティングジャパン,カスタム名詞
キヤノン電子,キヤノン電子,キヤノンデンシ,カスタム名詞
キユーソー流通システム,キユーソー流通システム,キユーソーリュウツウシステム,カスタム名詞
キユーピー,キユーピー,キユーピー,カスタム名詞
キョーリン製薬ホールディングス,キョーリン製薬ホールディングス,キョーリンセイヤクホールディングス,カスタム名詞
キリンホールディングス,キリンホールディングス,キリンホールディングス,カスタム名詞
キリン堂,キリン堂,キリンドウ,カスタム名詞
キングジム,キングジム,キングジム,カスタム名詞
キーエンス,キーエンス,キーエンス,カスタム名詞
キーコーヒー,キーコーヒー,キーコーヒー,カスタム名詞
クスリのアオキ,クスリのアオキ,クスリノアオキ,カスタム名詞
クックパッド,クックパッド,クックパッド,カスタム名詞
クボタ,クボタ,クボタ,カスタム名詞
クミアイ化学工業,クミアイ化学工業,クミアイカガクコウギョウ,カスタム名詞
クラウディア,クラウディア,クラウディア,カスタム名詞
クラリオン,クラリオン,クラリオン,カスタム名詞
クラレ,クラレ,クラレ,カスタム名詞
クリエイトSDホールディングス,クリエイトSDホールディングス,クリエイトSDホールディングス,カスタム名詞
クリナップ,クリナップ,クリナップ,カスタム名詞
クレディセゾン,クレディセゾン,クレディセゾン,カスタム名詞
クレハ,クレハ,クレハ,カスタム名詞
グランディハウス,グランディハウス,グランディハウス,カスタム名詞
グリー,グリー,グリー,カスタム名詞
グルメ杵屋,グルメ杵屋,グルメキネヤ,カスタム名詞
グローブライド,グローブライド,グローブライド,カスタム名詞
グローリー,グローリー,グローリー,カスタム名詞
グンゼ,グンゼ,グンゼ,カスタム名詞
ケイヒン,ケイヒン,ケイヒン,カスタム名詞
ケネディクス,ケネディクス,ケネディクス,カスタム名詞
ケンコーマヨネーズ,ケンコーマヨネーズ,ケンコーマヨネーズ,カスタム名詞
ケーズホールディングス,ケーズホールディングス,ケーズホールディングス,カスタム名詞
ケーヒン,ケーヒン,ケーヒン,カスタム名詞
ケーヨー,ケーヨー,ケーヨー,カスタム名詞
ゲオホールディングス,ゲオホールディングス,ゲオホールディングス,カスタム名詞
ゲンキー,ゲンキー,ゲンキー,カスタム名詞
コカ・コーラセントラルジャパン,コカ・コーラセントラルジャパン,コカ・コーラセントラルジャパン,カスタム名詞
コカ・コーラウエスト,コカ・コーラウエスト,コカ・コーラウエスト,カスタム名詞
コクヨ,コクヨ,コクヨ,カスタム名詞
ココカラファイン,ココカラファイン,ココカラファイン,カスタム名詞
コジマ,コジマ,コジマ,カスタム名詞
コスモス薬品,コスモス薬品,コスモスヤクヒン,カスタム名詞
コスモ石油,コスモ石油,コスモセキユ,カスタム名詞
コナカ,コナカ,コナカ,カスタム名詞
コナミ,コナミ,コナミ,カスタム名詞
コニカミノルタホールディングス,コニカミノルタホールディングス,コニカミノルタホールディングス,カスタム名詞
コニシ,コニシ,コニシ,カスタム名詞
コムシスホールディングス,コムシスホールディングス,コムシスホールディングス,カスタム名詞
コメリ,コメリ,コメリ,カスタム名詞
コロナ,コロナ,コロナ,カスタム名詞
コロワイド,コロワイド,コロワイド,カスタム名詞
コーア,コーア,コーア,カスタム名詞
コーエーテクモホールディングス,コーエーテクモホールディングス,コーエーテクモホールディングス,カスタム名詞
コーセル,コーセル,コーセル,カスタム名詞
コーセー,コーセー,コーセー,カスタム名詞
コーナン,コーナン,コーナン,カスタム名詞
コープケミカル,コープケミカル,コープケミカル,カスタム名詞
ゴールドウイン,ゴールドウイン,ゴールドウイン,カスタム名詞
ゴールドクレスト,ゴールドクレスト,ゴールドクレスト,カスタム名詞
サイゼリヤ,サイゼリヤ,サイゼリヤ,カスタム名詞
サイボウズ,サイボウズ,サイボウズ,カスタム名詞
サカイオーベックス,サカイオーベックス,サカイオーベックス,カスタム名詞
サカイ引越センター,サカイ引越センター,サカイヒッコシセンター,カスタム名詞
サカタのタネ,サカタのタネ,サカタノタネ,カスタム名詞
サカタインクス,サカタインクス,サカタインクス,カスタム名詞
サガミチェーン,サガミチェーン,サガミチェーン,カスタム名詞
サクサホールディングス,サクサホールディングス,サクサホールディングス,カスタム名詞
サクラダ,サクラダ,サクラダ,カスタム名詞
サッポロホールディングス,サッポロホールディングス,サッポロホールディングス,カスタム名詞
サトーホールディングス,サトーホールディングス,サトーホールディングス,カスタム名詞
サニックス,サニックス,サニックス,カスタム名詞
サンエー,サンエー,サンエー,カスタム名詞
サンケイビル,サンケイビル,サンケイビル,カスタム名詞
サンケン電気,サンケン電気,サンケンデンキ,カスタム名詞
サンゲツ,サンゲツ,サンゲツ,カスタム名詞
サンデン,サンデン,サンデン,カスタム名詞
サンドラッグ,サンドラッグ,サンドラッグ,カスタム名詞
サンフロンティア不動産,サンフロンティア不動産,サンフロンティアフドウサン,カスタム名詞
サンマルクホールディングス,サンマルクホールディングス,サンマルクホールディングス,カスタム名詞
サンヨーハウジング名古屋,サンヨーハウジング名古屋,サンヨーハウジングナゴヤ,カスタム名詞
サンリオ,サンリオ,サンリオ,カスタム名詞
サンリツ,サンリツ,サンリツ,カスタム名詞
サーラコーポレーション,サーラコーポレーション,サーラコーポレーション,カスタム名詞
ザッパラス,ザッパラス,ザッパラス,カスタム名詞
ザ・パック,ザ・パック,ザ・パック,カスタム名詞
シキボウ,シキボウ,シキボウ,カスタム名詞
システナ,システナ,システナ,カスタム名詞
シスメックス,シスメックス,シスメックス,カスタム名詞
シチズンホールディングス,シチズンホールディングス,シチズンホールディングス,カスタム名詞
シティグループ,シティグループ,シティグループ,カスタム名詞
シナネン,シナネン,シナネン,カスタム名詞
シマノ,シマノ,シマノ,カスタム名詞
シミックホールディングス,シミックホールディングス,シミックホールディングス,カスタム名詞
シモジマ,シモジマ,シモジマ,カスタム名詞
シャープ,シャープ,シャープ,カスタム名詞
ショーワ,ショーワ,ショーワ,カスタム名詞
シロキ工業,シロキ工業,シロキコウギョウ,カスタム名詞
シンフォニアテクノロジー,シンフォニアテクノロジー,シンフォニアテクノロジー,カスタム名詞
シンプレクス・ホールディングス,シンプレクス・ホールディングス,シンプレクス・ホールディングス,カスタム名詞
シーイーシー,シーイーシー,シーイーシー,カスタム名詞
シーエーシー,シーエーシー,シーエーシー,カスタム名詞
シークス,シークス,シークス,カスタム名詞
シーケーディ,シーケーディ,シーケーディ,カスタム名詞
シー・ヴイ・エス・ベイエリア,シー・ヴイ・エス・ベイエリア,シー・ヴイ・エス・ベイエリア,カスタム名詞
ジェイコムホールディングス,ジェイコムホールディングス,ジェイコムホールディングス,カスタム名詞
ジェイテクト,ジェイテクト,ジェイテクト,カスタム名詞
ジェイ・エム・エス,ジェイ・エム・エス,ジェイ・エム・エス,カスタム名詞
ジャステック,ジャステック,ジャステック,カスタム名詞
ジャックス,ジャックス,ジャックス,カスタム名詞
ジャパンフーズ,ジャパンフーズ,ジャパンフーズ,カスタム名詞
ジャパンベストレスキューシステム,ジャパンベストレスキューシステム,ジャパンベストレスキューシステム,カスタム名詞
ジャフコ,ジャフコ,ジャフコ,カスタム名詞
ジーエス・ユアサコーポレーション,ジーエス・ユアサコーポレーション,ジーエス・ユアサコーポレーション,カスタム名詞
ジーンズメイト,ジーンズメイト,ジーンズメイト,カスタム名詞
スカパーJSATホールディングス,スカパーJSATホールディングス,スカパーJSATホールディングス,カスタム名詞
スギホールディングス,スギホールディングス,スギホールディングス,カスタム名詞
スクウェア・エニックス・ホールディングス,スクウェア・エニックス・ホールディングス,スクウェア・エニックス・ホールディングス,カスタム名詞
スクロール,スクロール,スクロール,カスタム名詞
スズキ,スズキ,スズキ,カスタム名詞
スズケン,スズケン,スズケン,カスタム名詞
スズデン,スズデン,スズデン,カスタム名詞
スタジオアリス,スタジオアリス,スタジオアリス,カスタム名詞
スタンレー電気,スタンレー電気,スタンレーデンキ,カスタム名詞
スタートトゥデイ,スタートトゥデイ,スタートトゥデイ,カスタム名詞
スター精密,スター精密,スターセイミツ,カスタム名詞
ステラケミファ,ステラケミファ,ステラケミファ,カスタム名詞
スバル興業,スバル興業,スバルコウギョウ,カスタム名詞
スルガ銀行,スルガ銀行,スルガギンコウ,カスタム名詞
セイコーエプソン,セイコーエプソン,セイコーエプソン,カスタム名詞
セイコーホールディングス,セイコーホールディングス,セイコーホールディングス,カスタム名詞
セイノーホールディングス,セイノーホールディングス,セイノーホールディングス,カスタム名詞
セガサミーホールディングス,セガサミーホールディングス,セガサミーホールディングス,カスタム名詞
セコム,セコム,セコム,カスタム名詞
セブン&アイ・ホールディングス,セブン&アイ・ホールディングス,セブン&アイ・ホールディングス,カスタム名詞
セブン銀行,セブン銀行,セブンギンコウ,カスタム名詞
センコー,センコー,センコー,カスタム名詞
セントラルスポーツ,セントラルスポーツ,セントラルスポーツ,カスタム名詞
セントラル硝子,セントラル硝子,セントラルガラス,カスタム名詞
セントラル警備保障,セントラル警備保障,セントラルケイビホショウ,カスタム名詞
セーレン,セーレン,セーレン,カスタム名詞
ゼビオ,ゼビオ,ゼビオ,カスタム名詞
ゼリア新薬工業,ゼリア新薬工業,ゼリアシンヤクコウギョウ,カスタム名詞
ゼンショー,ゼンショー,ゼンショー,カスタム名詞
ゼンリン,ゼンリン,ゼンリン,カスタム名詞
ソニー,ソニー,ソニー,カスタム名詞
ソニーフィナンシャルホールディングス,ソニーフィナンシャルホールディングス,ソニーフィナンシャルホールディングス,カスタム名詞
ソネットエンタテインメント,ソネットエンタテインメント,ソネットエンタテインメント,カスタム名詞
ソフトバンク,ソフトバンク,ソフトバンク,カスタム名詞
ソフトバンク・テクノロジー,ソフトバンク・テクノロジー,ソフトバンク・テクノロジー,カスタム名詞
ソフトブレーン,ソフトブレーン,ソフトブレーン,カスタム名詞
ソースネクスト,ソースネクスト,ソースネクスト,カスタム名詞
ソーダニッカ,ソーダニッカ,ソーダニッカ,カスタム名詞
タカキュー,タカキュー,タカキュー,カスタム名詞
タカタ,タカタ,タカタ,カスタム名詞
タカノ,タカノ,タカノ,カスタム名詞
タカラスタンダード,タカラスタンダード,タカラスタンダード,カスタム名詞
タカラトミー,タカラトミー,タカラトミー,カスタム名詞
タカラレーベン,タカラレーベン,タカラレーベン,カスタム名詞
タキヒヨー,タキヒヨー,タキヒヨー,カスタム名詞
タキロン,タキロン,タキロン,カスタム名詞
タクトホーム,タクトホーム,タクトホーム,カスタム名詞
タクマ,タクマ,タクマ,カスタム名詞
タダノ,タダノ,タダノ,カスタム名詞
タチエス,タチエス,タチエス,カスタム名詞
タツタ電線,タツタ電線,タツタデンセン,カスタム名詞
タムラ製作所,タムラ製作所,タムラセイサクショ,カスタム名詞
タムロン,タムロン,タムロン,カスタム名詞
ダイエー,ダイエー,ダイエー,カスタム名詞
ダイキン工業,ダイキン工業,ダイキンコウギョウ,カスタム名詞
ダイコク電機,ダイコク電機,ダイコクデンキ,カスタム名詞
ダイジェット工業,ダイジェット工業,ダイジェットコウギョウ,カスタム名詞
ダイセキ,ダイセキ,ダイセキ,カスタム名詞
ダイセキ環境ソリューション,ダイセキ環境ソリューション,ダイセキカンキョウソリューション,カスタム名詞
ダイセル,ダイセル,ダイセル,カスタム名詞
ダイソー,ダイソー,ダイソー,カスタム名詞
ダイダン,ダイダン,ダイダン,カスタム名詞
ダイト,ダイト,ダイト,カスタム名詞
ダイドードリンコ,ダイドードリンコ,ダイドードリンコ,カスタム名詞
ダイドーリミテッド,ダイドーリミテッド,ダイドーリミテッド,カスタム名詞
ダイニチ工業,ダイニチ工業,ダイニチコウギョウ,カスタム名詞
ダイニック,ダイニック,ダイニック,カスタム名詞
ダイハツ工業,ダイハツ工業,ダイハツコウギョウ,カスタム名詞
ダイビル,ダイビル,ダイビル,カスタム名詞
ダイフク,ダイフク,ダイフク,カスタム名詞
ダイヘン,ダイヘン,ダイヘン,カスタム名詞
ダイユーエイト,ダイユーエイト,ダイユーエイト,カスタム名詞
ダイワボウホールディングス,ダイワボウホールディングス,ダイワボウホールディングス,カスタム名詞
ダウ・ケミカル,ダウ・ケミカル,ダウ・ケミカル,カスタム名詞
ダスキン,ダスキン,ダスキン,カスタム名詞
ダントーホールディングス,ダントーホールディングス,ダントーホールディングス,カスタム名詞
ダンロップスポーツ,ダンロップスポーツ,ダンロップスポーツ,カスタム名詞
チタン工業,チタン工業,チタンコウギョウ,カスタム名詞
チノー,チノー,チノー,カスタム名詞
チャイナボーチー,チャイナボーチー,チャイナボーチー,カスタム名詞
チヨダ,チヨダ,チヨダ,カスタム名詞
ツガミ,ツガミ,ツガミ,カスタム名詞
ツクイ,ツクイ,ツクイ,カスタム名詞
ツツミ,ツツミ,ツツミ,カスタム名詞
ツムラ,ツムラ,ツムラ,カスタム名詞
ツルハホールディングス,ツルハホールディングス,ツルハホールディングス,カスタム名詞
ティアック,ティアック,ティアック,カスタム名詞
ティラド,ティラド,ティラド,カスタム名詞
ティーガイア,ティーガイア,ティーガイア,カスタム名詞
ティーディーシーソフトウェアエンジニアリング,ティーディーシーソフトウェアエンジニアリング,ティーディーシーソフトウェアエンジニアリング,カスタム名詞
テイカ,テイカ,テイカ,カスタム名詞
テイクアンドギヴ・ニーズ,テイクアンドギヴ・ニーズ,テイクアンドギヴ・ニーズ,カスタム名詞
テイ・エステック,テイ・エステック,テイ・エステック,カスタム名詞
テクノメディカ,テクノメディカ,テクノメディカ,カスタム名詞
テルモ,テルモ,テルモ,カスタム名詞
テレビ朝日,テレビ朝日,テレビアサヒ,カスタム名詞
テレビ東京ホールディングス,テレビ東京ホールディングス,テレビトウキョウホールディングス,カスタム名詞
テレフォニカ,テレフォニカ,テレフォニカ,カスタム名詞
テンアライド,テンアライド,テンアライド,カスタム名詞
テンプホールディングス,テンプホールディングス,テンプホールディングス,カスタム名詞
テーオーシー,テーオーシー,テーオーシー,カスタム名詞
ディスコ,ディスコ,ディスコ,カスタム名詞
ディー・エヌ・エー,ディー・エヌ・エー,ディー・エヌ・エー,カスタム名詞
デイ・シイ,デイ・シイ,デイ・シイ,カスタム名詞
デサント,デサント,デサント,カスタム名詞
デンソー,デンソー,デンソー,カスタム名詞
デンヨー,デンヨー,デンヨー,カスタム名詞
トウペ,トウペ,トウペ,カスタム名詞
トクヤマ,トクヤマ,トクヤマ,カスタム名詞
トッパン・フォームズ,トッパン・フォームズ,トッパン・フォームズ,カスタム名詞
トップカルチャー,トップカルチャー,トップカルチャー,カスタム名詞
トナミ運輸,トナミ運輸,トナミウンユ,カスタム名詞
トピー工業,トピー工業,トピーコウギョウ,カスタム名詞
トプコン,トプコン,トプコン,カスタム名詞
トマト銀行,トマト銀行,トマトギンコウ,カスタム名詞
トモニホールディングス,トモニホールディングス,トモニホールディングス,カスタム名詞
トヨタ紡織,トヨタ紡織,トヨタボウショク,カスタム名詞
トヨタ自動車,トヨタ自動車,トヨタジドウシャ,カスタム名詞
トラスコ中山,トラスコ中山,トラスコナカヤマ,カスタム名詞
トランスコスモス,トランスコスモス,トランスコスモス,カスタム名詞
トリドール,トリドール,トリドール,カスタム名詞
トレンドマイクロ,トレンドマイクロ,トレンドマイクロ,カスタム名詞
トーア紡コーポレーション,トーア紡コーポレーション,トーアボウコーポレーション,カスタム名詞
トーエネック,トーエネック,トーエネック,カスタム名詞
トーカイ,トーカイ,トーカイ,カスタム名詞
トーカロ,トーカロ,トーカロ,カスタム名詞
トーセ,トーセ,トーセ,カスタム名詞
トーセイ,トーセイ,トーセイ,カスタム名詞
トーホー,トーホー,トーホー,カスタム名詞
トーメンエレクトロニクス,トーメンエレクトロニクス,トーメンエレクトロニクス,カスタム名詞
トーメンデバイス,トーメンデバイス,トーメンデバイス,カスタム名詞
トーモク,トーモク,トーモク,カスタム名詞
トーヨーカネツ,トーヨーカネツ,トーヨーカネツ,カスタム名詞
ドウシシャ,ドウシシャ,ドウシシャ,カスタム名詞
ドクターシーラボ,ドクターシーラボ,ドクターシーラボ,カスタム名詞
ドトール・日レスホールディングス,ドトール・日レスホールディングス,ドトールニチレスホールディングス,カスタム名詞
ドリームインキュベータ,ドリームインキュベータ,ドリームインキュベータ,カスタム名詞
ドワンゴ,ドワンゴ,ドワンゴ,カスタム名詞
ドン・キホーテ,ドン・キホーテ,ドン・キホーテ,カスタム名詞
ナカバヤシ,ナカバヤシ,ナカバヤシ,カスタム名詞
ナカヨ通信機,ナカヨ通信機,ナカヨツウシンキ,カスタム名詞
ナガイレーベン,ナガイレーベン,ナガイレーベン,カスタム名詞
ナック,ナック,ナック,カスタム名詞
ナナオ,ナナオ,ナナオ,カスタム名詞
ニコン,ニコン,ニコン,カスタム名詞
ニチアス,ニチアス,ニチアス,カスタム名詞
ニチイ学館,ニチイ学館,ニチイガッカン,カスタム名詞
ニチコン,ニチコン,ニチコン,カスタム名詞
ニチハ,ニチハ,ニチハ,カスタム名詞
ニチバン,ニチバン,ニチバン,カスタム名詞
ニチモウ,ニチモウ,ニチモウ,カスタム名詞
ニチレイ,ニチレイ,ニチレイ,カスタム名詞
ニチレキ,ニチレキ,ニチレキ,カスタム名詞
ニッカトー,ニッカトー,ニッカトー,カスタム名詞
ニッセンホールディングス,ニッセンホールディングス,ニッセンホールディングス,カスタム名詞
ニッタ,ニッタ,ニッタ,カスタム名詞
ニトリ,ニトリ,ニトリ,カスタム名詞
ニフコ,ニフコ,ニフコ,カスタム名詞
ニプロ,ニプロ,ニプロ,カスタム名詞
ネクシィーズ,ネクシィーズ,ネクシィーズ,カスタム名詞
ネクスト,ネクスト,ネクスト,カスタム名詞
ネクソン,ネクソン,ネクソン,カスタム名詞
ネットワンシステムズ,ネットワンシステムズ,ネットワンシステムズ,カスタム名詞
ノエビアホールディングス,ノエビアホールディングス,ノエビアホールディングス,カスタム名詞
ノリタケカンパニーリミテド,ノリタケカンパニーリミテド,ノリタケカンパニーリミテド,カスタム名詞
ノーリツ,ノーリツ,ノーリツ,カスタム名詞
ノーリツ鋼機,ノーリツ鋼機,ノーリツコウキ,カスタム名詞
ハイデイ日高,ハイデイ日高,ハイデイヒダカ,カスタム名詞
ハウスオブローゼ,ハウスオブローゼ,ハウスオブローゼ,カスタム名詞
ハウス食品,ハウス食品,ハウスショクヒン,カスタム名詞
ハニーズ,ハニーズ,ハニーズ,カスタム名詞
ハピネット,ハピネット,ハピネット,カスタム名詞
ハマキョウレックス,ハマキョウレックス,ハマキョウレックス,カスタム名詞
ハリマ化成,ハリマ化成,ハリマカセイ,カスタム名詞
ハークスレイ,ハークスレイ,ハークスレイ,カスタム名詞
ハードオフコーポレーション,ハードオフコーポレーション,ハードオフコーポレーション,カスタム名詞
バイエル,バイエル,バイエル,カスタム名詞
バルス,バルス,バルス,カスタム名詞
バロー,バロー,バロー,カスタム名詞
バンク・オブ・アメリカ,バンク・オブ・アメリカ,バンク・オブ・アメリカ,カスタム名詞
バンダイナムコホールディングス,バンダイナムコホールディングス,バンダイナムコホールディングス,カスタム名詞
バンテック,バンテック,バンテック,カスタム名詞
バンドー化学,バンドー化学,バンドーカガク,カスタム名詞
パイオニア,パイオニア,パイオニア,カスタム名詞
パイオラックス,パイオラックス,パイオラックス,カスタム名詞
パイロットコーポレーション,パイロットコーポレーション,パイロットコーポレーション,カスタム名詞
パスコ,パスコ,パスコ,カスタム名詞
パソナグループ,パソナグループ,パソナグループ,カスタム名詞
パナソニック,パナソニック,パナソニック,カスタム名詞
パナソニックデバイスSUNX,パナソニックデバイスSUNX,パナソニックデバイスSUNX,カスタム名詞
パナホーム,パナホーム,パナホーム,カスタム名詞
パラマウントベッド,パラマウントベッド,パラマウントベッド,カスタム名詞
パルコ,パルコ,パルコ,カスタム名詞
パーク24,パーク24,パーク24,カスタム名詞
ヒマラヤ,ヒマラヤ,ヒマラヤ,カスタム名詞
ヒューリック,ヒューリック,ヒューリック,カスタム名詞
ヒロセ電機,ヒロセ電機,ヒロセデンキ,カスタム名詞
ビックカメラ,ビックカメラ,ビックカメラ,カスタム名詞
ビー・エム・エル,ビー・エム・エル,ビー・エム・エル,カスタム名詞
ピクセラ,ピクセラ,ピクセラ,カスタム名詞
ピジョン,ピジョン,ピジョン,カスタム名詞
ピーエス三菱,ピーエス三菱,ピーエスミツビシ,カスタム名詞
ファナック,ファナック,ファナック,カスタム名詞
ファミリーマート,ファミリーマート,ファミリーマート,カスタム名詞
ファルコSDホールディングス,ファルコSDホールディングス,ファルコSDホールディングス,カスタム名詞
ファンケル,ファンケル,ファンケル,カスタム名詞
ファーストリテイリング,ファーストリテイリング,ファーストリテイリング,カスタム名詞
フィデアホールディングス,フィデアホールディングス,フィデアホールディングス,カスタム名詞
フェイス,フェイス,フェイス,カスタム名詞
フェニックス電機,フェニックス電機,フェニックスデンキ,カスタム名詞
フェリシモ,フェリシモ,フェリシモ,カスタム名詞
フォスター電機,フォスター電機,フォスターデンキ,カスタム名詞
フコク,フコク,フコク,カスタム名詞
フジ,フジ,フジ,カスタム名詞
フジクラ,フジクラ,フジクラ,カスタム名詞
フジッコ,フジッコ,フジッコ,カスタム名詞
フジテック,フジテック,フジテック,カスタム名詞
フジミインコーポレーテッド,フジミインコーポレーテッド,フジミインコーポレーテッド,カスタム名詞
フジ・メディア・ホールディングス,フジ・メディア・ホールディングス,フジ・メディア・ホールディングス,カスタム名詞
フジ住宅,フジ住宅,フジジュウタク,カスタム名詞
フタバ産業,フタバ産業,フタバサンギョウ,カスタム名詞
フランスベッドホールディングス,フランスベッドホールディングス,フランスベッドホールディングス,カスタム名詞
フルキャストホールディングス,フルキャストホールディングス,フルキャストホールディングス,カスタム名詞
ブイ・テクノロジー,ブイ・テクノロジー,ブイ・テクノロジー,カスタム名詞
ブックオフコーポレーション,ブックオフコーポレーション,ブックオフコーポレーション,カスタム名詞
ブラザー工業,ブラザー工業,ブラザーコウギョウ,カスタム名詞
ブリヂストン,ブリヂストン,ブリヂストン,カスタム名詞
ブロンコビリー,ブロンコビリー,ブロンコビリー,カスタム名詞
プリマハム,プリマハム,プリマハム,カスタム名詞
プレス工業,プレス工業,プレスコウギョウ,カスタム名詞
プレナス,プレナス,プレナス,カスタム名詞
プロネクサス,プロネクサス,プロネクサス,カスタム名詞
ヘリオステクノホールディング,ヘリオステクノホールディング,ヘリオステクノホールディング,カスタム名詞
ベスト電器,ベスト電器,ベストデンキ,カスタム名詞
ベネッセコーポレーション,ベネッセコーポレーション,ベネッセコーポレーション,カスタム名詞
ベルク,ベルク,ベルク,カスタム名詞
ベルーナ,ベルーナ,ベルーナ,カスタム名詞
ペガサスミシン製造,ペガサスミシン製造,ペガサスミシンセイゾウ,カスタム名詞
ホクシン,ホクシン,ホクシン,カスタム名詞
ホクト,ホクト,ホクト,カスタム名詞
ホシザキ電機,ホシザキ電機,ホシザキデンキ,カスタム名詞
ホシデン,ホシデン,ホシデン,カスタム名詞
ホソカワミクロン,ホソカワミクロン,ホソカワミクロン,カスタム名詞
ホッカンホールディングス,ホッカンホールディングス,ホッカンホールディングス,カスタム名詞
ホリプロ,ホリプロ,ホリプロ,カスタム名詞
ホーチキ,ホーチキ,ホーチキ,カスタム名詞
ポイント,ポイント,ポイント,カスタム名詞
ポケットカード,ポケットカード,ポケットカード,カスタム名詞
ポスコ,ポスコ,ポスコ,カスタム名詞
ポプラ,ポプラ,ポプラ,カスタム名詞
マキタ,マキタ,マキタ,カスタム名詞
マクニカ,マクニカ,マクニカ,カスタム名詞
マクロミル,マクロミル,マクロミル,カスタム名詞
マスプロ電工,マスプロ電工,マスプロデンコウ,カスタム名詞
マックス,マックス,マックス,カスタム名詞
マツダ,マツダ,マツダ,カスタム名詞
マツモトキヨシホールディングス,マツモトキヨシホールディングス,マツモトキヨシホールディングス,カスタム名詞
マネックスグループ,マネックスグループ,マネックスグループ,カスタム名詞
マブチモーター,マブチモーター,マブチモーター,カスタム名詞
マルエツ,マルエツ,マルエツ,カスタム名詞
マルカキカイ,マルカキカイ,マルカキカイ,カスタム名詞
マルシェ,マルシェ,マルシェ,カスタム名詞
マルハニチロホールディングス,マルハニチロホールディングス,マルハニチロホールディングス,カスタム名詞
マンダム,マンダム,マンダム,カスタム名詞
ミスターマックス,ミスターマックス,ミスターマックス,カスタム名詞
ミスミグループ本社,ミスミグループ本社,ミスミグループホンシャ,カスタム名詞
ミズノ,ミズノ,ミズノ,カスタム名詞
ミタチ産業,ミタチ産業,ミタチサンギョウ,カスタム名詞
ミツウロコ,ミツウロコ,ミツウロコ,カスタム名詞
ミツバ,ミツバ,ミツバ,カスタム名詞
ミツミ電機,ミツミ電機,ミツミデンキ,カスタム名詞
ミニストップ,ミニストップ,ミニストップ,カスタム名詞
ミネベア,ミネベア,ミネベア,カスタム名詞
ミヤチテクノス,ミヤチテクノス,ミヤチテクノス,カスタム名詞
ミヨシ油脂,ミヨシ油脂,ミヨシユシ,カスタム名詞
ミライト・ホールディングス,ミライト・ホールディングス,ミライト・ホールディングス,カスタム名詞
ミルボン,ミルボン,ミルボン,カスタム名詞
メイテック,メイテック,メイテック,カスタム名詞
メガネトップ,メガネトップ,メガネトップ,カスタム名詞
メック,メック,メック,カスタム名詞
メディパルホールディングス,メディパルホールディングス,メディパルホールディングス,カスタム名詞
メルコホールディングス,メルコホールディングス,メルコホールディングス,カスタム名詞
モスフードサービス,モスフードサービス,モスフードサービス,カスタム名詞
モリタ,モリタ,モリタ,カスタム名詞
モリ工業,モリ工業,モリコウギョウ,カスタム名詞
モロゾフ,モロゾフ,モロゾフ,カスタム名詞
ヤオコー,ヤオコー,ヤオコー,カスタム名詞
ヤクルト本社,ヤクルト本社,ヤクルトホンシャ,カスタム名詞
ヤフー,ヤフー,ヤフー,カスタム名詞
ヤマウラ,ヤマウラ,ヤマウラ,カスタム名詞
ヤマザワ,ヤマザワ,ヤマザワ,カスタム名詞
ヤマタネ,ヤマタネ,ヤマタネ,カスタム名詞
ヤマダ電機,ヤマダ電機,ヤマダデンキ,カスタム名詞
ヤマト,ヤマト,ヤマト,カスタム名詞
ヤマトインターナショナル,ヤマトインターナショナル,ヤマトインターナショナル,カスタム名詞
ヤマトホールディングス,ヤマトホールディングス,ヤマトホールディングス,カスタム名詞
ヤマハ,ヤマハ,ヤマハ,カスタム名詞
ヤマハ発動機,ヤマハ発動機,ヤマハハツドウキ,カスタム名詞
ヤーマン,ヤーマン,ヤーマン,カスタム名詞
ユアサ商事,ユアサ商事,ユアサショウジ,カスタム名詞
ユアテック,ユアテック,ユアテック,カスタム名詞
ユナイテッドアローズ,ユナイテッドアローズ,ユナイテッドアローズ,カスタム名詞
ユニチカ,ユニチカ,ユニチカ,カスタム名詞
ユニデン,ユニデン,ユニデン,カスタム名詞
ユニバース,ユニバース,ユニバース,カスタム名詞
ユニプレス,ユニプレス,ユニプレス,カスタム名詞
ユニ・チャーム,ユニ・チャーム,ユニ・チャーム,カスタム名詞
ユニー,ユニー,ユニー,カスタム名詞
ユーシン精機,ユーシン精機,ユーシンセイキ,カスタム名詞
ユー・エス・エス,ユー・エス・エス,ユー・エス・エス,カスタム名詞
ヨコオ,ヨコオ,ヨコオ,カスタム名詞
ヨロズ,ヨロズ,ヨロズ,カスタム名詞
ライオン,ライオン,ライオン,カスタム名詞
ライトオン,ライトオン,ライトオン,カスタム名詞
ライト工業,ライト工業,ライトコウギョウ,カスタム名詞
ライフコーポレーション,ライフコーポレーション,ライフコーポレーション,カスタム名詞
ラウンドワン,ラウンドワン,ラウンドワン,カスタム名詞
ラサ商事,ラサ商事,ラサショウジ,カスタム名詞
ラサ工業,ラサ工業,ラサコウギョウ,カスタム名詞
ランド,ランド,ランド,カスタム名詞
リオン,リオン,リオン,カスタム名詞
リケン,リケン,リケン,カスタム名詞
リケンテクノス,リケンテクノス,リケンテクノス,カスタム名詞
リコー,リコー,リコー,カスタム名詞
リコーリース,リコーリース,リコーリース,カスタム名詞
リズム時計工業,リズム時計工業,リズムトケイコウギョウ,カスタム名詞
リソー教育,リソー教育,リソーキョウイク,カスタム名詞
リゾートソリューション,リゾートソリューション,リゾートソリューション,カスタム名詞
リゾートトラスト,リゾートトラスト,リゾートトラスト,カスタム名詞
リョービ,リョービ,リョービ,カスタム名詞
リロ・ホールディング,リロ・ホールディング,リロ・ホールディング,カスタム名詞
リンガーハット,リンガーハット,リンガーハット,カスタム名詞
リンクアンドモチベーション,リンクアンドモチベーション,リンクアンドモチベーション,カスタム名詞
リンナイ,リンナイ,リンナイ,カスタム名詞
ルネサスエレクトロニクス,ルネサスエレクトロニクス,ルネサスエレクトロニクス,カスタム名詞
ルネサンス,ルネサンス,ルネサンス,カスタム名詞
レオパレス21,レオパレス21,レオパレス21,カスタム名詞
レオン自動機,レオン自動機,レオンジドウキ,カスタム名詞
レック,レック,レック,カスタム名詞
レナウン,レナウン,レナウン,カスタム名詞
レンゴー,レンゴー,レンゴー,カスタム名詞
ロイヤルホールディングス,ロイヤルホールディングス,ロイヤルホールディングス,カスタム名詞
ロック・フィールド,ロック・フィールド,ロック・フィールド,カスタム名詞
ローソン,ローソン,ローソン,カスタム名詞
ロート製薬,ロート製薬,ロートセイヤク,カスタム名詞
ローム,ローム,ローム,カスタム名詞
ローランド,ローランド,ローランド,カスタム名詞
ローランドディー.ジー.,ローランドディー.ジー.,ローランドディー.ジー.,カスタム名詞
ワコム,ワコム,ワコム,カスタム名詞
ワコール,ワコール,ワコール,カスタム名詞
ワタベウェディング,ワタベウェディング,ワタベウェディング,カスタム名詞
ワタミ,ワタミ,ワタミ,カスタム名詞
一休,一休,イッキュウ,カスタム名詞
七十七銀行,七十七銀行,シチジュウシチギンコウ,カスタム名詞
三ツ星ベルト,三ツ星ベルト,ミツボシベルト,カスタム名詞
三井ハイテック,三井ハイテック,ミツイハイテック,カスタム名詞
三井ホーム,三井ホーム,ミツイホーム,カスタム名詞
三井不動産,三井不動産,ミツイフドウサン,カスタム名詞
三井住友トラスト・ホールディングス,三井住友トラスト・ホールディングス,ミツイスミトモトラスト・ホールディングス,カスタム名詞
三井住友フィナンシャルグループ,三井住友フィナンシャルグループ,ミツイスミトモフィナンシャルグループ,カスタム名詞
三井住友建設,三井住友建設,ミツイスミトモケンセツ,カスタム名詞
三井倉庫,三井倉庫,ミツイソウコ,カスタム名詞
三井化学,三井化学,ミツイカガク,カスタム名詞
三井松島産業,三井松島産業,ミツイマツシマサンギョウ,カスタム名詞
三井海洋開発,三井海洋開発,ミツイカイヨウカイハツ,カスタム名詞
三井物産,三井物産,ミツイブッサン,カスタム名詞
三井製糖,三井製糖,ミツイセイトウ,カスタム名詞
三井造船,三井造船,ミツイゾウセン,カスタム名詞
三井金属鉱業,三井金属鉱業,ミツイキンゾクコウギョウ,カスタム名詞
三共,三共,サンキョウ,カスタム名詞
三共生興,三共生興,サンキョウセイコウ,カスタム名詞
三協・立山ホールディングス,三協・立山ホールディングス,サンキョウ・タテヤマホールディングス,カスタム名詞
三和シヤッター工業,三和シヤッター工業,サンワシャッターコウギョウ,カスタム名詞
三国コカ・コーラボトリング,三国コカ・コーラボトリング,ミクニコカコーラボトリング,カスタム名詞
三城,三城,ミキ,カスタム名詞
三愛石油,三愛石油,サンアイセキユ,カスタム名詞
三晃金属工業,三晃金属工業,サンコウキンゾクコウギョウ,カスタム名詞
三栄建築設計,三栄建築設計,サンエイケンチクセッケイ,カスタム名詞
三機工業,三機工業,サンキコウギョウ,カスタム名詞
三洋化成工業,三洋化成工業,サンヨウカセイコウギョウ,カスタム名詞
三浦工業,三浦工業,ミウラコウギョウ,カスタム名詞
三益半導体工業,三益半導体工業,ミマスハンドウタイコウギョウ,カスタム名詞
三菱UFJフィナンシャル・グループ,三菱UFJフィナンシャル・グループ,ミツビシユーエフジェイフィナンシャル・グループ,カスタム名詞
三菱UFJリース,三菱UFJリース,ミツビシユーエフジェイリース,カスタム名詞
三菱ガス化学,三菱ガス化学,ミツビシガスカガク,カスタム名詞
三菱ケミカルホールディングス,三菱ケミカルホールディングス,ミツビシケミカルホールディングス,カスタム名詞
三菱マテリアル,三菱マテリアル,ミツビシマテリアル,カスタム名詞
三菱倉庫,三菱倉庫,ミツビシソウコ,カスタム名詞
三菱化工機,三菱化工機,ミツビシカコウキ,カスタム名詞
三菱商事,三菱商事,ミツビシショウジ,カスタム名詞
三菱地所,三菱地所,ミツビシジショ,カスタム名詞
三菱総合研究所,三菱総合研究所,ミツビシソウゴウケンキュウショ,カスタム名詞
三菱自動車工業,三菱自動車工業,ミツビシジドウシャコウギョウ,カスタム名詞
三菱製紙,三菱製紙,ミツビシセイシ,カスタム名詞
三菱重工業,三菱重工業,ミツビシジュウコウギョウ,カスタム名詞
三菱鉛筆,三菱鉛筆,ミツビシエンピツ,カスタム名詞
三菱電機,三菱電機,ミツビシデンキ,カスタム名詞
三菱食品,三菱食品,ミツビシショクヒン,カスタム名詞
三越伊勢丹ホールディングス,三越伊勢丹ホールディングス,ミツコシイセタンホールディングス,カスタム名詞
三重銀行,三重銀行,ミエギンコウ,カスタム名詞
三陽商会,三陽商会,サンヨウショウカイ,カスタム名詞
上新電機,上新電機,ジョウシンデンキ,カスタム名詞
上組,上組,カミグミ,カスタム名詞
不二家,不二家,フジヤ,カスタム名詞
不二製油,不二製油,フジセイユ,カスタム名詞
不二越,不二越,フジコシ,カスタム名詞
不動テトラ,不動テトラ,フドウテトラ,カスタム名詞
世紀東急工業,世紀東急工業,セイキトウキュウコウギョウ,カスタム名詞
中京銀行,中京銀行,チュウキョウギンコウ,カスタム名詞
中国銀行,中国銀行,チュウゴクギンコウ,カスタム名詞
中国電力,中国電力,チュウゴクデンリョク,カスタム名詞
中外炉工業,中外炉工業,チュウガイロコウギョウ,カスタム名詞
中外製薬,中外製薬,チュウガイセイヤク,カスタム名詞
中央発條,中央発條,チュウオウハツジョウ,カスタム名詞
中山福,中山福,ナカヤマフク,カスタム名詞
中山製鋼所,中山製鋼所,ナカヤマセイコウジョ,カスタム名詞
中村屋,中村屋,ナカムラヤ,カスタム名詞
中越パルプ工業,中越パルプ工業,チュウエツパルプコウギョウ,カスタム名詞
中部電力,中部電力,チュウブデンリョク,カスタム名詞
中部飼料,中部飼料,チュウブシリョウ,カスタム名詞
中電工,中電工,チュウデンコウ,カスタム名詞
丸一鋼管,丸一鋼管,マルイチコウカン,カスタム名詞
丸三証券,丸三証券,マルサンショウケン,カスタム名詞
丸井グループ,丸井グループ,マルイグループ,カスタム名詞
丸善CHIホールディングス,丸善CHIホールディングス,マルゼンCHIホールディングス,カスタム名詞
丸大食品,丸大食品,マルダイショクヒン,カスタム名詞
丸山製作所,丸山製作所,マルヤマセイサクショ,カスタム名詞
丸栄,丸栄,マルエイ,カスタム名詞
丸紅,丸紅,マルベニ,カスタム名詞
丸運,丸運,マルウン,カスタム名詞
丹青社,丹青社,タンセイシャ,カスタム名詞
乃村工藝社,乃村工藝社,ノムラコウゲイシャ,カスタム名詞
久光製薬,久光製薬,ヒサミツセイヤク,カスタム名詞
九州電力,九州電力,キュウシュウデンリョク,カスタム名詞
九電工,九電工,キュウデンコウ,カスタム名詞
乾汽船,乾汽船,イヌイキセン,カスタム名詞
亀田製菓,亀田製菓,カメダセイカ,カスタム名詞
五洋建設,五洋建設,ゴヨウケンセツ,カスタム名詞
井筒屋,井筒屋,イヅツヤ,カスタム名詞
井関農機,井関農機,イセキノウキ,カスタム名詞
京セラ,京セラ,キョウセラ,カスタム名詞
京三製作所,京三製作所,キョウサンセイサクショ,カスタム名詞
京成電鉄,京成電鉄,ケイセイデンテツ,カスタム名詞
京浜急行電鉄,京浜急行電鉄,ケイヒンキュウコウデンテツ,カスタム名詞
京王電鉄,京王電鉄,ケイオウデンテツ,カスタム名詞
京葉銀行,京葉銀行,ケイヨウギンコウ,カスタム名詞
京都きもの友禅,京都きもの友禅,キョウトキモノユウゼン,カスタム名詞
京都銀行,京都銀行,キョウトギンコウ,カスタム名詞
京阪神ビルディング,京阪神ビルディング,ケイハンシンビルディング,カスタム名詞
京阪電気鉄道,京阪電気鉄道,ケイハンデンキテツドウ,カスタム名詞
今仙電機製作所,今仙電機製作所,イマセンデンキセイサクショ,カスタム名詞
任天堂,任天堂,ニンテンドウ,カスタム名詞
伊予銀行,伊予銀行,イヨギンコウ,カスタム名詞
伊藤ハム,伊藤ハム,イトウハム,カスタム名詞
伊藤園,伊藤園,イトウエン,カスタム名詞
伊藤忠エネクス,伊藤忠エネクス,イトウチュウエネクス,カスタム名詞
伊藤忠テクノソリューションズ,伊藤忠テクノソリューションズ,イトウチュウテクノソリューションズ,カスタム名詞
伊藤忠商事,伊藤忠商事,イトウチュウショウジ,カスタム名詞
伊藤忠食品,伊藤忠食品,イトウチュウショクヒン,カスタム名詞
住友ゴム工業,住友ゴム工業,スミトモゴムコウギョウ,カスタム名詞
住友ベークライト,住友ベークライト,スミトモベークライト,カスタム名詞
住友不動産,住友不動産,スミトモフドウサン,カスタム名詞
住友不動産販売,住友不動産販売,スミトモフドウサンハンバイ,カスタム名詞
住友倉庫,住友倉庫,スミトモソウコ,カスタム名詞
住友化学,住友化学,スミトモカガク,カスタム名詞
住友商事,住友商事,スミトモショウジ,カスタム名詞
住友大阪セメント,住友大阪セメント,スミトモオオサカセメント,カスタム名詞
住友林業,住友林業,スミトモリンギョウ,カスタム名詞
住友精化,住友精化,スミトモセイカ,カスタム名詞
住友精密工業,住友精密工業,スミトモセイミツコウギョウ,カスタム名詞
住友軽金属工業,住友軽金属工業,スミトモケイキンゾクコウギョウ,カスタム名詞
住友重機械工業,住友重機械工業,スミトモジュウキカイコウギョウ,カスタム名詞
住友金属鉱山,住友金属鉱山,スミトモキンゾクコウザン,カスタム名詞
住友鋼管,住友鋼管,スミトモコウカン,カスタム名詞
住友電気工業,住友電気工業,スミトモデンキコウギョウ,カスタム名詞
住友電設,住友電設,スミトモデンセツ,カスタム名詞
住江織物,住江織物,スミノエオリモノ,カスタム名詞
住石ホールディングス,住石ホールディングス,スミセキホールディングス,カスタム名詞
住金物産,住金物産,スミキンブッサン,カスタム名詞
佐世保重工業,佐世保重工業,サセボジュウコウギョウ,カスタム名詞
佐田建設,佐田建設,サタケンセツ,カスタム名詞
佐賀銀行,佐賀銀行,サガギンコウ,カスタム名詞
保土谷化学工業,保土谷化学工業,ホドガヤカガクコウギョウ,カスタム名詞
信越ポリマー,信越ポリマー,シンエツポリマー,カスタム名詞
信越化学工業,信越化学工業,シンエツカガクコウギョウ,カスタム名詞
信金中央金庫,信金中央金庫,シンキンチュウオウキンコ,カスタム名詞
倉敷紡績,倉敷紡績,クラシキボウセキ,カスタム名詞
元気寿司,元気寿司,ゲンキズシ,カスタム名詞
光世証券,光世証券,コウセイショウケン,カスタム名詞
光通信,光通信,ヒカリツウシン,カスタム名詞
全日本空輸,全日本空輸,ゼンニホンクウユ,カスタム名詞
八十二銀行,八十二銀行,ハチジュウニギンコウ,カスタム名詞
八千代銀行,八千代銀行,ヤチヨギンコウ,カスタム名詞
共同印刷,共同印刷,キョウドウインサツ,カスタム名詞
共和レザー,共和レザー,キョウワレザー,カスタム名詞
共和電業,共和電業,キョウワデンギョウ,カスタム名詞
共立印刷,共立印刷,キョウリツインサツカブシキガイシャ,カスタム名詞
共英製鋼,共英製鋼,キョウエイセイコウ,カスタム名詞
兼松,兼松,カネマツ,カスタム名詞
兼松エレクトロニクス,兼松エレクトロニクス,カネマツエレクトロニクス,カスタム名詞
兼松日産農林,兼松日産農林,カネマツニッサンノウリン,カスタム名詞
内田洋行,内田洋行,ウチダヒロユキ,カスタム名詞
凸版印刷,凸版印刷,トッパンインサツ,カスタム名詞
出光興産,出光興産,イデミツコウサン,カスタム名詞
前澤化成工業,前澤化成工業,マエザワカセイコウギョウ,カスタム名詞
前澤工業,前澤工業,マエザワコウギョウ,カスタム名詞
前澤給装工業,前澤給装工業,マエザワキュウソウコウギョウ,カスタム名詞
前田建設工業,前田建設工業,マエダケンセツコウギョウ,カスタム名詞
前田道路,前田道路,マエダドウロ,カスタム名詞
加藤産業,加藤産業,カトウサンギョウ,カスタム名詞
加藤製作所,加藤製作所,カトウセイサクショ,カスタム名詞
加賀電子,加賀電子,カガデンシ,カスタム名詞
北國銀行,北國銀行,ホッコクギンコウ,カスタム名詞
北川鉄工所,北川鉄工所,キタガワテッコウショ,カスタム名詞
北日本銀行,北日本銀行,キタニホンギンコウ,カスタム名詞
北沢産業,北沢産業,キタザワサンギョウ,カスタム名詞
北海道ガス,北海道ガス,ホッカイドウガス,カスタム名詞
北海道電力,北海道電力,ホッカイドウデンリョク,カスタム名詞
北興化学工業,北興化学工業,ホクコウカガクコウギョウ,カスタム名詞
北越紀州製紙,北越紀州製紙,ホクエツキシュウセイシ,カスタム名詞
北越銀行,北越銀行,ホクエツギンコウ,カスタム名詞
北野建設,北野建設,キタノケンセツカブシキガイシャ,カスタム名詞
北陸電力,北陸電力,ホクリクデンリョク,カスタム名詞
北陸電気工事,北陸電気工事,ホクリクデンキコウジ,カスタム名詞
北陸電気工業,北陸電気工業,ホクリクデンキコウギョウ,カスタム名詞
十八銀行,十八銀行,ジュウハチギンコウ,カスタム名詞
十六銀行,十六銀行,ジュウロクギンコウ,カスタム名詞
千代田インテグレ,千代田インテグレ,チヨダインテグレ,カスタム名詞
千代田化工建設,千代田化工建設,チヨダカコウケンセツ,カスタム名詞
千葉興業銀行,千葉興業銀行,チバコウギョウギンコウ,カスタム名詞
千葉銀行,千葉銀行,チバギンコウ,カスタム名詞
千趣会,千趣会,センジュカイ,カスタム名詞
協同飼料,協同飼料,キョウドウシリョウ,カスタム名詞
協和エクシオ,協和エクシオ,キョウワエクシオ,カスタム名詞
協和発酵キリン,協和発酵キリン,キョウワハッコウキリン,カスタム名詞
協栄産業,協栄産業,キョウエイサンギョウ,カスタム名詞
南海電気鉄道,南海電気鉄道,ナンカイデンキテツドウ,カスタム名詞
南都銀行,南都銀行,ナントギンコウ,カスタム名詞
博報堂DYホールディングス,博報堂DYホールディングス,ハクホウドウディーワイホールディングス,カスタム名詞
原信ナルスホールディングス,原信ナルスホールディングス,ハラシンナルスホールディングス,カスタム名詞
参天製薬,参天製薬,サンテンセイヤク,カスタム名詞
双信電機,双信電機,ソウシンデンキ,カスタム名詞
双日,双日,ソウビ,カスタム名詞
双葉電子工業,双葉電子工業,フタバデンシコウギョウ,カスタム名詞
古河スカイ,古河スカイ,フルカワスカイ,カスタム名詞
古河機械金属,古河機械金属,フルカワキカイキンゾク,カスタム名詞
古河電気工業,古河電気工業,フルカワデンキコウギョウ,カスタム名詞
古河電池,古河電池,フルカワデンチ,カスタム名詞
合同製鐵,合同製鐵,ゴウドウセイテツ,カスタム名詞
吉野家,吉野家,ヨシノヤ,カスタム名詞
名古屋鉄道,名古屋鉄道,ナゴヤテツドウ,カスタム名詞
名古屋銀行,名古屋銀行,ナゴヤギンコウ,カスタム名詞
名糖産業,名糖産業,メイトウサンギョウ,カスタム名詞
名糖運輸,名糖運輸,メイトウウンユ,カスタム名詞
味の素,味の素,アジノモト,カスタム名詞
品川リフラクトリーズ,品川リフラクトリーズ,シナガワリフラクトリーズ,カスタム名詞
商船三井,商船三井,ショウセンミツイ,カスタム名詞
四国化成工業,四国化成工業,シコクカセイコウギョウ,カスタム名詞
四国銀行,四国銀行,シコクギンコウ,カスタム名詞
四国電力,四国電力,シコクデンリョク,カスタム名詞
四電工,四電工,ヨンデンコウ,カスタム名詞
図書印刷,図書印刷,トショインサツ,カスタム名詞
図研,図研,ズケン,カスタム名詞
国際石油開発帝石,国際石油開発帝石,コクサイセキユカイハツテイセキ,カスタム名詞
国際航業ホールディングス,国際航業ホールディングス,コクサイコウギョウホールディングス,カスタム名詞
堀場製作所,堀場製作所,ホリバセイサクショ,カスタム名詞
堺化学工業,堺化学工業,サカイカガクコウギョウ,カスタム名詞
塩野義製薬,塩野義製薬,シオノギセイヤク,カスタム名詞
壱番屋,壱番屋,イチバンヤ,カスタム名詞
大京,大京,ダイキョウ,カスタム名詞
大倉工業,大倉工業,オオクラコウギョウ,カスタム名詞
大光銀行,大光銀行,タイコウギンコウ,カスタム名詞
大分銀行,大分銀行,オオイタギンコウ,カスタム名詞
大同メタル工業,大同メタル工業,ダイドウメタルコウギョウ,カスタム名詞
大同工業,大同工業,ダイドウコウギョウ,カスタム名詞
大同特殊鋼,大同特殊鋼,ダイドウトクシュコウ,カスタム名詞
大和ハウス工業,大和ハウス工業,ダイワハウスコウギョウ,カスタム名詞
大和冷機工業,大和冷機工業,ダイワレイキコウギョウ,カスタム名詞
大和小田急建設,大和小田急建設,ダイワオダキュウケンセツ,カスタム名詞
大和工業,大和工業,ヤマトコウギョウ,カスタム名詞
大和証券グループ本社,大和証券グループ本社,ダイワショウケングループホンシャ,カスタム名詞
大垣共立銀行,大垣共立銀行,オオガキキョウリツギンコウ,カスタム名詞
大塚ホールディングス,大塚ホールディングス,オオツカホールディングス,カスタム名詞
大塚商会,大塚商会,オオツカショウカイ,カスタム名詞
大崎電気工業,大崎電気工業,オオサキデンキコウギョウ,カスタム名詞
大平洋金属,大平洋金属,タイヘイヨウキンゾク,カスタム名詞
大幸薬品,大幸薬品,タイコウヤクヒン,カスタム名詞
大庄,大庄,ダイショウ,カスタム名詞
大建工業,大建工業,ダイケンコウギョウ,カスタム名詞
大成ラミック,大成ラミック,タイセイラミック,カスタム名詞
大成建設,大成建設,タイセイケンセツ,カスタム名詞
大日本スクリーン製造,大日本スクリーン製造,ダイニッポンスクリーンセイゾウ,カスタム名詞
大日本住友製薬,大日本住友製薬,ダイニッポンスミトモセイヤク,カスタム名詞
大日本印刷,大日本印刷,ダイニホンインサツ,カスタム名詞
大日本塗料,大日本塗料,ダイニッポントリョウ,カスタム名詞
大東建託,大東建託,ダイトウケンタク,カスタム名詞
大東紡織,大東紡織,ダイトウボウショク,カスタム名詞
大東銀行,大東銀行,ダイトウギンコウ,カスタム名詞
大林組,大林組,オオバヤシグミ,カスタム名詞
大林道路,大林道路,オオバヤシドウロ,カスタム名詞
大気社,大気社,タイキシャ,カスタム名詞
大王製紙,大王製紙,ダイオウセイシ,カスタム名詞
大豊工業,大豊工業,タイホウコウギョウ,カスタム名詞
大豊建設,大豊建設,ダイホウケンセツ,カスタム名詞
大阪チタニウムテクノロジーズ,大阪チタニウムテクノロジーズ,オオサカチタニウムテクノロジーズ,カスタム名詞
大阪有機化学工業,大阪有機化学工業,オオサカユウキカガクコウギョウ,カスタム名詞
大阪機工,大阪機工,オオサカキコウ,カスタム名詞
大阪瓦斯,大阪瓦斯,オオサカガス,カスタム名詞
大阪製鐵,大阪製鐵,オオサカセイテツ,カスタム名詞
大阪証券金融,大阪証券金融,オオサカショウケンキンユウ,カスタム名詞
大陽日酸,大陽日酸,タイヨウニッサン,カスタム名詞
大黒天物産,大黒天物産,ダイコクテンブッサン,カスタム名詞
太平工業,太平工業,タイヘイコウギョウ,カスタム名詞
太平洋セメント,太平洋セメント,タイヘイヨウセメント,カスタム名詞
太平洋工業,太平洋工業,タイヘイヨウコウギョウ,カスタム名詞
太平洋興発,太平洋興発,タイヘイヨウコウハツ,カスタム名詞
太陽誘電,太陽誘電,タイヨウユウデン,カスタム名詞
奥村組,奥村組,オクムラグミ,カスタム名詞
学情,学情,ガクジョウ,カスタム名詞
学研ホールディングス,学研ホールディングス,ガッケンホールディングス,カスタム名詞
宇徳,宇徳,ウトク,カスタム名詞
宇部興産,宇部興産,ウベコウサン,カスタム名詞
安川電機,安川電機,ヤスカワデンキ,カスタム名詞
安田倉庫,安田倉庫,ヤスダソウコ,カスタム名詞
安藤建設,安藤建設,アンドウケンセツ,カスタム名詞
宝ホールディングス,宝ホールディングス,タカラホールディングス,カスタム名詞
宝印刷,宝印刷,タカラインサツ,カスタム名詞
宮崎銀行,宮崎銀行,ミヤザキギンコウ,カスタム名詞
富士ソフト,富士ソフト,フジソフト,カスタム名詞
富士フイルムホールディングス,富士フイルムホールディングス,フジフイルムホールディングス,カスタム名詞
富士急行,富士急行,フジキュウコウ,カスタム名詞
富士機工,富士機工,フジキコウ,カスタム名詞
富士火災海上保険,富士火災海上保険,フジカサイカイジョウホケン,カスタム名詞
富士紡ホールディングス,富士紡ホールディングス,フジボウホールディングス,カスタム名詞
富士興産,富士興産,フジコウサン,カスタム名詞
富士通,富士通,フジツウ,カスタム名詞
富士通ゼネラル,富士通ゼネラル,フジツウゼネラル,カスタム名詞
富士重工業,富士重工業,フジジュウコウギョウ,カスタム名詞
富士電機,富士電機,フジデンキ,カスタム名詞
小松ウオール工業,小松ウオール工業,コマツウオールコウギョウ,カスタム名詞
小松精練,小松精練,コマツセイレン,カスタム名詞
小松製作所,小松製作所,コマツセイサクショ,カスタム名詞
小林製薬,小林製薬,コバヤシセイヤク,カスタム名詞
小森コーポレーション,小森コーポレーション,コモリコーポレーション,カスタム名詞
小田急電鉄,小田急電鉄,オダキュウデンテツ,カスタム名詞
小糸製作所,小糸製作所,コイトセイサクショ,カスタム名詞
小野建,小野建,オノケン,カスタム名詞
小野測器,小野測器,オノソッキ,カスタム名詞
小野薬品工業,小野薬品工業,オノヤクヒンコウギョウ,カスタム名詞
山下医科器械,山下医科器械,ヤマシタイカキカイ,カスタム名詞
山九,山九,サンキュウ,カスタム名詞
山口フィナンシャルグループ,山口フィナンシャルグループ,ヤマグチフィナンシャルグループ,カスタム名詞
山善,山善,ヤマゼン,カスタム名詞
山崎製パン,山崎製パン,ヤマザキセイパン,カスタム名詞
山形銀行,山形銀行,ヤマガタギンコウ,カスタム名詞
山梨中央銀行,山梨中央銀行,ヤマナシチュウオウギンコウ,カスタム名詞
山陰合同銀行,山陰合同銀行,サンインゴウドウギンコウ,カスタム名詞
山陽特殊製鋼,山陽特殊製鋼,サンヨウトクシュセイコウ,カスタム名詞
岡三証券グループ,岡三証券グループ,オカサンショウケングループ,カスタム名詞
岡村製作所,岡村製作所,オカムラセイサクショ,カスタム名詞
岡谷電機産業,岡谷電機産業,オカヤデンキサンギョウ,カスタム名詞
岡部,岡部,オカベ,カスタム名詞
岩井コスモホールディングス,岩井コスモホールディングス,イワイコスモホールディングス,カスタム名詞
岩崎通信機,岩崎通信機,イワサキツウシンキ,カスタム名詞
岩崎電気,岩崎電気,イワサキデンキ,カスタム名詞
岩手銀行,岩手銀行,イワテギンコウ,カスタム名詞
岩谷産業,岩谷産業,イワタニサンギョウ,カスタム名詞
島忠,島忠,シマチュウ,カスタム名詞
島根銀行,島根銀行,シマネギンコウ,カスタム名詞
島津製作所,島津製作所,シマヅセイサクショ,カスタム名詞
島精機製作所,島精機製作所,シマセイキセイサクショ,カスタム名詞
川崎汽船,川崎汽船,カワサキキセン,カスタム名詞
川崎重工業,川崎重工業,カワサキジュウコウギョウ,カスタム名詞
川田テクノロジーズ,川田テクノロジーズ,カワダテクノロジーズ,カスタム名詞
巴コーポレーション,巴コーポレーション,トモエコーポレーション,カスタム名詞
巴川製紙所,巴川製紙所,トモエガワセイシショ,カスタム名詞
市光工業,市光工業,イチコウコウギョウ,カスタム名詞
帝人,帝人,テイジン,カスタム名詞
帝国繊維,帝国繊維,テイコクセンイ,カスタム名詞
帝国電機製作所,帝国電機製作所,テイコクデンキセイサクショ,カスタム名詞
常磐興産,常磐興産,ジョウバンコウサン,カスタム名詞
常陽銀行,常陽銀行,ジョウヨウギンコウ,カスタム名詞
平和,平和,ヘイワ,カスタム名詞
平和不動産,平和不動産,ヘイワフドウサン,カスタム名詞
平和堂,平和堂,ヘイワドウ,カスタム名詞
平河ヒューテック,平河ヒューテック,ヒラカワ,カスタム名詞
幸楽苑,幸楽苑,コウラクエン,カスタム名詞
広島銀行,広島銀行,ヒロシマギンコウ,カスタム名詞
廣済堂,廣済堂,コウサイドウ,カスタム名詞
建設技術研究所,建設技術研究所,ケンセツギジュツケンキュウショ,カスタム名詞
応用地質,応用地質,オウヨウチシツ,カスタム名詞
愛三工業,愛三工業,アイサンコウギョウ,カスタム名詞
愛媛銀行,愛媛銀行,エヒメギンコウ,カスタム名詞
愛眼,愛眼,アイガン,カスタム名詞
愛知時計電機,愛知時計電機,アイチトケイデンキ,カスタム名詞
愛知製鋼,愛知製鋼,アイチセイコウ,カスタム名詞
愛知銀行,愛知銀行,アイチギンコウ,カスタム名詞
戸田工業,戸田工業,トダコウギョウ,カスタム名詞
戸田建設,戸田建設,トダケンセツ,カスタム名詞
扶桑薬品工業,扶桑薬品工業,フソウヤクヒンコウギョウ,カスタム名詞
持田製薬,持田製薬,モチダセイヤク,カスタム名詞
文化シヤッター,文化シヤッター,ブンカシヤッター,カスタム名詞
新京成電鉄,新京成電鉄,シンケイセイデンテツ,カスタム名詞
新光証券,新光証券,シンコウショウケン,カスタム名詞
新光電気工業,新光電気工業,シンコウデンキコウギョウ,カスタム名詞
新家工業,新家工業,アラヤコウギョウ,カスタム名詞
新川,新川,シンカワ,カスタム名詞
新日本建設,新日本建設,シンニホンケンセツ,カスタム名詞
新日本無線,新日本無線,シンニホンムセン,カスタム名詞
新日本科学,新日本科学,シンニホンカガク,カスタム名詞
新日本空調,新日本空調,シンニッポンクウチョウ,カスタム名詞
新日鉄住金ソリューションズ,新日鉄住金ソリューションズ,シンニッテツスミキンソリューションズ,カスタム名詞
新日鐵住金,新日鐵住金,シンニチテツスミキン,カスタム名詞
新明和工業,新明和工業,シンメイワコウギョウ,カスタム名詞
新東工業,新東工業,シントウコウギョウ,カスタム名詞
新生銀行,新生銀行,シンセイギンコウ,カスタム名詞
新興プランテック,新興プランテック,シンコウプランテック,カスタム名詞
日亜鋼業,日亜鋼業,ニチアコウギョウ,カスタム名詞
日信工業,日信工業,ニッシンコウギョウ,カスタム名詞
日医工,日医工,ニチイコウ,カスタム名詞
日工,日工,ニッコウ,カスタム名詞
日成ビルド工業,日成ビルド工業,ニッセイビルドコウギョウ,カスタム名詞
日揮,日揮,ニッキ,カスタム名詞
日新,日新,ニッシン,カスタム名詞
日新製鋼,日新製鋼,ニッシンセイコウ,カスタム名詞
日新電機,日新電機,ニッシンデンキ,カスタム名詞
日本M&Aセンター,日本M&Aセンター,ニホンエムアンドエーセンター,カスタム名詞
日本たばこ産業,日本たばこ産業,ニホンタバコサンギョウ,カスタム名詞
日本アジア投資,日本アジア投資,ニホンアジアトウシ,カスタム名詞
日本エスリード,日本エスリード,ニホンエスリード,カスタム名詞
日本オラクル,日本オラクル,ニッポンオラクル,カスタム名詞
日本カーバイド工業,日本カーバイド工業,ニッポンカーバイドコウギョウ,カスタム名詞
日本カーボン,日本カーボン,ニッポンカーボン,カスタム名詞
日本カーリット,日本カーリット,ニッポンカーリット,カスタム名詞
日本ケミコン,日本ケミコン,ニホンケミコン,カスタム名詞
日本ケミファ,日本ケミファ,ニッポンケミファ,カスタム名詞
日本コンクリート工業,日本コンクリート工業,ニッポンコンクリートコウギョウ,カスタム名詞
日本コークス工業,日本コークス工業,ニホンコークスコウギョウ,カスタム名詞
日本シイエムケイ,日本シイエムケイ,ニッポンシイエムケイ,カスタム名詞
日本システムウエア,日本システムウエア,ニッポンシステムウエア,カスタム名詞
日本セラミック,日本セラミック,ニッポンセラミック,カスタム名詞
日本ゼオン,日本ゼオン,ニッポンゼオン,カスタム名詞
日本テレビ放送網,日本テレビ放送網,ニッポンテレビホウソウモウ,カスタム名詞
日本デジタル研究所,日本デジタル研究所,ニホンデジタルケンキュウジョ,カスタム名詞
日本トランスシティ,日本トランスシティ,ニホントランスシティ,カスタム名詞
日本トリム,日本トリム,ニッポントリム,カスタム名詞
日本ハム,日本ハム,ニッポンハム,カスタム名詞
日本バイリーン,日本バイリーン,ニホンバイリーン,カスタム名詞
日本バルカー工業,日本バルカー工業,ニホンバルカーコウギョウ,カスタム名詞
日本パーカライジング,日本パーカライジング,ニホンパーカライジング,カスタム名詞
日本ピストンリング,日本ピストンリング,ニッポンピストンリング,カスタム名詞
日本フイルコン,日本フイルコン,ニッポンフイルコン,カスタム名詞
日本フエルト,日本フエルト,ニッポンフエルト,カスタム名詞
日本ペイント,日本ペイント,ニッポンペイント,カスタム名詞
日本ユニシス,日本ユニシス,ニホンユニシス,カスタム名詞
日本信号,日本信号,ニッポンシンゴウ,カスタム名詞
日本光電工業,日本光電工業,ニホンコウデンコウギョウ,カスタム名詞
日本写真印刷,日本写真印刷,ニホンシャシンインサツ,カスタム名詞
日本冶金工業,日本冶金工業,ニッポンヤキンコウギョウ,カスタム名詞
日本化成,日本化成,ニッポンカセイ,カスタム名詞
日本化薬,日本化薬,ニッポンカヤク,カスタム名詞
日本合成化学工業,日本合成化学工業,ニッポンゴウセイカガクコウギョウ,カスタム名詞
日本山村硝子,日本山村硝子,ニホンヤマムラガラス,カスタム名詞
日本工営,日本工営,ニホンコウエイ,カスタム名詞
日本新薬,日本新薬,ニッポンシンヤク,カスタム名詞
日本曹達,日本曹達,ニホンソーダ,カスタム名詞
日本板硝子,日本板硝子,ニホンイタガラス,カスタム名詞
日本橋梁,日本橋梁,ニホンキョウリョウ,カスタム名詞
日本毛織,日本毛織,ニッポンケオリ,カスタム名詞
日本水産,日本水産,ニッポン・スイサン,カスタム名詞
日本海洋掘削,日本海洋掘削,ニッポンカイヨウクッサク,カスタム名詞
日本無線,日本無線,ニホンムセン,カスタム名詞
日本特殊陶業,日本特殊陶業,ニッポントクシュトウギョウ,カスタム名詞
日本瓦斯,日本瓦斯,ニッポンガス,カスタム名詞
日本甜菜製糖,日本甜菜製糖,ニッポンテンサイセイトウ,カスタム名詞
日本発条,日本発条,ニッポンハツジョウ,カスタム名詞
日本石油輸送,日本石油輸送,ニホンセキユユソウ,カスタム名詞
日本碍子,日本碍子,ニッポンガイシ,カスタム名詞
日本空港ビルデング,日本空港ビルデング,ニホンクウコウビルデング,カスタム名詞
日本空調サービス,日本空調サービス,ニホンクウチョウサービス,カスタム名詞
日本管財,日本管財,ニッポンカンザイ,カスタム名詞
日本精化,日本精化,ニッポンセイカ,カスタム名詞
日本精工,日本精工,ニッポンセイコウ,カスタム名詞
日本精線,日本精線,ニッポンセイセン,カスタム名詞
日本紙パルプ商事,日本紙パルプ商事,ニホンカミパルプショウジ,カスタム名詞
日本航空電子工業,日本航空電子工業,ニホンコウクウデンシコウギョウ,カスタム名詞
日本製粉,日本製粉,ニッポンセイフン,カスタム名詞
日本製紙グループ本社,日本製紙グループ本社,ニッポンセイシグループホンシャ,カスタム名詞
日本製鋼所,日本製鋼所,ニホンセイコウショ,カスタム名詞
日本触媒,日本触媒,ニホンショクバイ,カスタム名詞
日本証券金融,日本証券金融,ニホンショウケンキンユウ,カスタム名詞
日本調剤,日本調剤,ニッポンチョウザイ,カスタム名詞
日本車輌製造,日本車輌製造,ニホンシャリョウセイゾウ,カスタム名詞
日本軽金属,日本軽金属,ニホンケイキンゾク,カスタム名詞
日本輸送機,日本輸送機,ニッポンユソウキ,カスタム名詞
日本農薬,日本農薬,ニホンノウヤク,カスタム名詞
日本通運,日本通運,ニッポンツウウン,カスタム名詞
日本道路,日本道路,ニッポンドウロカブシキガイシャ,カスタム名詞
日本郵船,日本郵船,ニッポンユウセン,カスタム名詞
日本配合飼料,日本配合飼料,ニッポンハイゴウシリョウ,カスタム名詞
日本金属,日本金属,ニッポンキンゾク,カスタム名詞
日本金属工業,日本金属工業,ニッポンキンゾクコウギョウ,カスタム名詞
日本金銭機械,日本金銭機械,ニホンキンセンキカイ,カスタム名詞
日本電信電話,日本電信電話,ニッポンデンシンデンワ,カスタム名詞
日本電子,日本電子,ニホンデンシ,カスタム名詞
日本電子材料,日本電子材料,ニホンデンシザイリョウ,カスタム名詞
日本電工,日本電工,ニッポンデンコウ,カスタム名詞
日本電気,日本電気,ニッポンデンキ,カスタム名詞
日本電気硝子,日本電気硝子,ニッポンデンキガラス,カスタム名詞
日本電波工業,日本電波工業,ニホンデンパコウギョウ,カスタム名詞
日本電産,日本電産,ニホンデンサン,カスタム名詞
日本電産コパル,日本電産コパル,ニホンデンサンコパル,カスタム名詞
日本電産サンキョー,日本電産サンキョー,ニホンデンサンサンキョー,カスタム名詞
日本電産トーソク,日本電産トーソク,ニホンデンサントーソク,カスタム名詞
日本電設工業,日本電設工業,ニッポンデンセツコウギョウ,カスタム名詞
日本電話施設,日本電話施設,ニホンデンワシセツ,カスタム名詞
日本駐車場開発,日本駐車場開発,ニッポンチュウシャジョウカイハツ,カスタム名詞
日本高周波鋼業,日本高周波鋼業,ニッポンコウシュウハコウギョウ,カスタム名詞
日東富士製粉,日東富士製粉,ニットウフジセイフン,カスタム名詞
日東工業,日東工業,ニットウコウギョウ,カスタム名詞
日東精工,日東精工,ニットウセイコウ,カスタム名詞
日東紡績,日東紡績,ニットウボウセキ,カスタム名詞
日東製網,日東製網,ニットウセイモウ,カスタム名詞
日東電工,日東電工,ニットウデンコウ,カスタム名詞
日機装,日機装,ニッキソウ,カスタム名詞
日水製薬,日水製薬,ニッスイセイヤク,カスタム名詞
日油,日油,ニチユ,カスタム名詞
日清オイリオグループ,日清オイリオグループ,ニッシンオイリオグループ,カスタム名詞
日清紡ホールディングス,日清紡ホールディングス,ニッシンボウホールディングス,カスタム名詞
日清製粉グループ本社,日清製粉グループ本社,ニッシンセイフングループホンシャ,カスタム名詞
日清食品ホールディングス,日清食品ホールディングス,ニッシンショクヒンホールディングス,カスタム名詞
日特建設,日特建設,ニットクケンセツ,カスタム名詞
日産化学工業,日産化学工業,ニッサンカガクコウギョウ,カスタム名詞
日産東京販売ホールディングス,日産東京販売ホールディングス,ニッサントウキョウハンバイホールディングス,カスタム名詞
日産自動車,日産自動車,ニッサンジドウシャ,カスタム名詞
日産車体,日産車体,ニッサンシャタイ,カスタム名詞
日神不動産,日神不動産,ニッシンフドウサン,カスタム名詞
日立キャピタル,日立キャピタル,ヒタチキャピタル,カスタム名詞
日立ツール,日立ツール,ヒタチツール,カスタム名詞
日立ハイテクノロジーズ,日立ハイテクノロジーズ,ヒタチハイテクノロジーズ,カスタム名詞
日立メディコ,日立メディコ,ヒタチメディコ,カスタム名詞
日立化成工業,日立化成工業,ヒタチカセイコウギョウ,カスタム名詞
日立国際電気,日立国際電気,ヒタチコクサイデンキ,カスタム名詞
日立工機,日立工機,ヒタチコウキ,カスタム名詞
日立建機,日立建機,ヒタチケンキ,カスタム名詞
日立物流,日立物流,ヒタチブツリュウ,カスタム名詞
日立製作所,日立製作所,ヒタチセイサクショ,カスタム名詞
日立造船,日立造船,ヒタチゾウセン,カスタム名詞
日立金属,日立金属,ヒタチキンゾク,カスタム名詞
日立電線,日立電線,ヒタチデンセン,カスタム名詞
日精樹脂工業,日精樹脂工業,ニッセイジュシコウギョウ,カスタム名詞
日置電機,日置電機,ヒオキデンキ,カスタム名詞
日野自動車,日野自動車,ヒノジドウシャ,カスタム名詞
日鉄鉱業,日鉄鉱業,ニッテツコウギョウ,カスタム名詞
日鐵商事,日鐵商事,ニッテツショウジ,カスタム名詞
日阪製作所,日阪製作所,ヒサカセイサクショ,カスタム名詞
旭テック,旭テック,アサヒテック,カスタム名詞
旭化成,旭化成,アサヒカセイ,カスタム名詞
旭有機材工業,旭有機材工業,アサヒユウキザイコウギョウ,カスタム名詞
旭硝子,旭硝子,アサヒガラス,カスタム名詞
明光ネットワークジャパン,明光ネットワークジャパン,メイコウネットワークジャパン,カスタム名詞
明和地所,明和地所,メイワジショ,カスタム名詞
明和産業,明和産業,メイワサンギョウ,カスタム名詞
明治ホールディングス,明治ホールディングス,メイジホールディングス,カスタム名詞
明治海運,明治海運,メイジカイウン,カスタム名詞
明電舎,明電舎,メイデンシャ,カスタム名詞
星光PMC,星光PMC,セイコウピーエムシー,カスタム名詞
昭光通商,昭光通商,ショウコウツウショウ,カスタム名詞
昭和シェル石油,昭和シェル石油,ショウワシェルセキユ,カスタム名詞
昭和産業,昭和産業,ショウワサンギョウ,カスタム名詞
昭和電工,昭和電工,ショウワデンコウ,カスタム名詞
昭和電線ホールディングス,昭和電線ホールディングス,ショウワデンセンホールディングス,カスタム名詞
昭文社,昭文社,ショウブンシャ,カスタム名詞
昭栄,昭栄,ショウエイ,カスタム名詞
曙ブレーキ工業,曙ブレーキ工業,アケボノブレーキコウギョウ,カスタム名詞
月島機械,月島機械,ツキシマキカイ,カスタム名詞
有沢製作所,有沢製作所,アリサワセイサクショ,カスタム名詞
朝日ネット,朝日ネット,アサヒネット,カスタム名詞
朝日工業社,朝日工業社,アサヒコウギョウシャ,カスタム名詞
木曽路,木曽路,キソジ,カスタム名詞
木村化工機,木村化工機,キムラカコウキ,カスタム名詞
本田技研工業,本田技研工業,ホンダギケンコウギョウ,カスタム名詞
村田製作所,村田製作所,ムラタセイサクショ,カスタム名詞
東ソー,東ソー,トウソー,カスタム名詞
東プレ,東プレ,トウプレ,カスタム名詞
東リ,東リ,トウリ,カスタム名詞
東レ,東レ,トウレ,カスタム名詞
東亜建設工業,東亜建設工業,トウアケンセツコウギョウ,カスタム名詞
東亜道路工業,東亜道路工業,トウアドウロコウギョウ,カスタム名詞
東亞合成,東亞合成,トウアゴウセイ,カスタム名詞
東京エレクトロン,東京エレクトロン,トウキョウエレクトロン,カスタム名詞
東京エレクトロンデバイス,東京エレクトロンデバイス,トウキョウエレクトロンデバイス,カスタム名詞
東京センチュリーリース,東京センチュリーリース,トウキョウセンチュリーリース,カスタム名詞
東京テアトル,東京テアトル,トウキョウテアトル,カスタム名詞
東京デリカ,東京デリカ,トウキョウデリカ,カスタム名詞
東京ドーム,東京ドーム,トウキョウドーム,カスタム名詞
東京個別指導学院,東京個別指導学院,トウキョウコベツシドウガクイン,カスタム名詞
東京建物,東京建物,トウキョウタテモノ,カスタム名詞
東京建物不動産販売,東京建物不動産販売,トウキョウタテモノフドウサンハンバイ,カスタム名詞
東京応化工業,東京応化工業,トウキョウオウカコウギョウ,カスタム名詞
東京急行電鉄,東京急行電鉄,トウキョウキュウコウデンテツ,カスタム名詞
東京放送ホールディングス,東京放送ホールディングス,トウキョウホウソウホールディングス,カスタム名詞
東京楽天地,東京楽天地,トウキョウラクテンチ,カスタム名詞
東京機械製作所,東京機械製作所,トウキョウキカイセイサクショ,カスタム名詞
東京海上ホールディングス,東京海上ホールディングス,トウキョウカイジョウホールディングス,カスタム名詞
東京特殊電線,東京特殊電線,トウキョウトクシュデンセン,カスタム名詞
東京瓦斯,東京瓦斯,トウキョウガス,カスタム名詞
東京窯業,東京窯業,トウキョウヨウギョウ,カスタム名詞
東京精密,東京精密,トウキョウセイミツ,カスタム名詞
東京製綱,東京製綱,トウキョウセイコウ,カスタム名詞
東京製鐵,東京製鐵,トウキョウセイテツ,カスタム名詞
東京計器,東京計器,トウキョウケイキ,カスタム名詞
東京都民銀行,東京都民銀行,トウキョウトミンギンコウ,カスタム名詞
東京都競馬,東京都競馬,トウキョウトケイバ,カスタム名詞
東京鐵鋼,東京鐵鋼,トウキョウテッコウ,カスタム名詞
東京電力,東京電力,トウキョウデンリョク,カスタム名詞
東京電波,東京電波,トウキョウデンパカブシキカイシャ,カスタム名詞
東北銀行,東北銀行,トウホクギンコウ,カスタム名詞
東北電力,東北電力,トウホクデンリョク,カスタム名詞
東和薬品,東和薬品,トウワヤクヒン,カスタム名詞
東和銀行,東和銀行,トウワギンコウ,カスタム名詞
東天紅,東天紅,トウテンコウ,カスタム名詞
東宝,東宝,トウホウ,カスタム名詞
東宝不動産,東宝不動産,トウホウフドウサン,カスタム名詞
東建コーポレーション,東建コーポレーション,トウケンコーポレーション,カスタム名詞
東急コミュニティー,東急コミュニティー,トウキュウコミュニティー,カスタム名詞
東急リバブル,東急リバブル,トウキュウリバブル,カスタム名詞
東急不動産,東急不動産,トウキュウフドウサン,カスタム名詞
東急建設,東急建設,トウキュウケンセツ,カスタム名詞
東日本旅客鉄道,東日本旅客鉄道,ヒガシニホンリョカクテツドウ,カスタム名詞
東日本銀行,東日本銀行,ヒガシニッポンギンコウ,カスタム名詞
東映,東映,トウエイ,カスタム名詞
東栄住宅,東栄住宅,トウエイジュウタク,カスタム名詞
東武ストア,東武ストア,トウブストア,カスタム名詞
東武鉄道,東武鉄道,トウブテツドウ,カスタム名詞
東洋インキSCホールディングス,東洋インキSCホールディングス,トウヨウインキエスシーホールディングス,カスタム名詞
東洋エンジニアリング,東洋エンジニアリング,トウヨウエンジニアリング,カスタム名詞
東洋ゴム工業,東洋ゴム工業,トウヨウゴムコウギョウ,カスタム名詞
東洋シヤッター,東洋シヤッター,トウヨウシヤッター,カスタム名詞
東洋埠頭,東洋埠頭,トウヨウフトウ,カスタム名詞
東洋建設,東洋建設,トウヨウケンセツ,カスタム名詞
東洋水産,東洋水産,トウヨウスイサン,カスタム名詞
東洋炭素,東洋炭素,トウヨウタンソ,カスタム名詞
東洋精糖,東洋精糖,トウヨウセイトウ,カスタム名詞
東洋紡績,東洋紡績,トウヨウボウセキ,カスタム名詞
東洋製罐,東洋製罐,トウヨウセイカン,カスタム名詞
東洋証券,東洋証券,トウヨウショウケン,カスタム名詞
東洋鋼鈑,東洋鋼鈑,トウヨウコウハン,カスタム名詞
東洋電機製造,東洋電機製造,トウヨウデンキセイゾウ,カスタム名詞
東海カーボン,東海カーボン,トウカイカーボン,カスタム名詞
東海ゴム工業,東海ゴム工業,トウカイゴムコウギョウ,カスタム名詞
東海旅客鉄道,東海旅客鉄道,トウカイリョカクテツドウ,カスタム名詞
東海東京フィナンシャル・ホールディングス,東海東京フィナンシャル・ホールディングス,トウカイトウキョウフィナンシャル・ホールディングス,カスタム名詞
東海東京証券,東海東京証券,トウカイトウキョウショウケン,カスタム名詞
東海染工,東海染工,トウカイセンコウ,カスタム名詞
東海理化電機製作所,東海理化電機製作所,トウカイリカデンキセイサクショ,カスタム名詞
東海運,東海運,トウカイウン,カスタム名詞
東燃ゼネラル石油,東燃ゼネラル石油,トウネンゼネラルセキユ,カスタム名詞
東芝,東芝,トウシバ,カスタム名詞
東芝テック,東芝テック,トウシバテック,カスタム名詞
東芝機械,東芝機械,トウシバキカイ,カスタム名詞
東計電算,東計電算,トウケイデンサン,カスタム名詞
東邦チタニウム,東邦チタニウム,トウホウチタニウム,カスタム名詞
東邦ホールディングス,東邦ホールディングス,トウホウホールディングス,カスタム名詞
東邦亜鉛,東邦亜鉛,トウホウアエン,カスタム名詞
東邦瓦斯,東邦瓦斯,トウホウガス,カスタム名詞
東邦銀行,東邦銀行,トウホウギンコウ,カスタム名詞
東鉄工業,東鉄工業,トウテツコウギョウ,カスタム名詞
東陽テクニカ,東陽テクニカ,トウヨウテクニカ,カスタム名詞
東陽倉庫,東陽倉庫,トウヨウソウコ,カスタム名詞
松井建設,松井建設,マツイケンセツ,カスタム名詞
松屋,松屋,マツヤ,カスタム名詞
松屋フーズ,松屋フーズ,マツヤフーズ,カスタム名詞
松竹,松竹,ショウチク,カスタム名詞
松風,松風,ショウフウ,カスタム名詞
林兼産業,林兼産業,ハヤシカネサンギョウ,カスタム名詞
栗本鐵工所,栗本鐵工所,クリモトテッコウショ,カスタム名詞
栗田工業,栗田工業,クリタコウギョウ,カスタム名詞
森永乳業,森永乳業,モリナガニュウギョウ,カスタム名詞
森永製菓,森永製菓,モリナガセイカ,カスタム名詞
森精機製作所,森精機製作所,モリセイキセイサクショ,カスタム名詞
植木組,植木組,ウエキグミ,カスタム名詞
椿本チエイン,椿本チエイン,ツバキモトチエイン,カスタム名詞
椿本興業,椿本興業,ツバキモトコウギョウ,カスタム名詞
極東証券,極東証券,キョクトウショウケン,カスタム名詞
極東開発工業,極東開発工業,キョクトウカイハツコウギョウ,カスタム名詞
極洋,極洋,キョクヨウ,カスタム名詞
横河電機,横河電機,ヨコガワデンキ,カスタム名詞
横浜ゴム,横浜ゴム,ヨコハマゴム,カスタム名詞
横浜冷凍,横浜冷凍,ヨコハマレイトウ,カスタム名詞
横浜銀行,横浜銀行,ヨコハマギンコウ,カスタム名詞
武田薬品工業,武田薬品工業,タケダヤクヒンコウギョウ,カスタム名詞
武蔵精密工業,武蔵精密工業,ムサシセイミツコウギョウ,カスタム名詞
武蔵野銀行,武蔵野銀行,ムサシノギンコウ,カスタム名詞
水戸証券,水戸証券,ミトショウケン,カスタム名詞
永大産業,永大産業,エイダイサンギョウ,カスタム名詞
永谷園,永谷園,ナガタニエン,カスタム名詞
江守商事,江守商事,エモリショウジ,カスタム名詞
江崎グリコ,江崎グリコ,エザキグリコ,カスタム名詞
池上通信機,池上通信機,イケガミツウシンキ,カスタム名詞
池田泉州ホールディングス,池田泉州ホールディングス,イケダセンシュウホールディングス,カスタム名詞
沖縄銀行,沖縄銀行,オキナワギンコウ,カスタム名詞
沖縄電力,沖縄電力,オキナワデンリョク,カスタム名詞
沖電気工業,沖電気工業,オキデンキコウギョウ,カスタム名詞
沖電線,沖電線,オキデンセン,カスタム名詞
沢井製薬,沢井製薬,サワイセイヤク,カスタム名詞
河合楽器製作所,河合楽器製作所,カワイガッキセイサクショ,カスタム名詞
河西工業,河西工業,カサイコウギョウ,カスタム名詞
油研工業,油研工業,ユケンコウギョウ,カスタム名詞
津田駒工業,津田駒工業,ツダコマコウギョウ,カスタム名詞
浜松ホトニクス,浜松ホトニクス,ハママツホトニクス,カスタム名詞
淀川製鋼所,淀川製鋼所,ヨドガワセイコウショ,カスタム名詞
淺沼組,淺沼組,アサヌマグミ,カスタム名詞
清水建設,清水建設,シミズケンセツ,カスタム名詞
清水銀行,清水銀行,シミズギンコウ,カスタム名詞
滋賀銀行,滋賀銀行,シガギンコウ,カスタム名詞
澁澤倉庫,澁澤倉庫,シブサワソウコ,カスタム名詞
澁谷工業,澁谷工業,シブヤコウギョウ,カスタム名詞
澤藤電機,澤藤電機,サワフジデンキ,カスタム名詞
焼津水産化学工業,焼津水産化学工業,ヤイヅスイサンカガクコウギョウ,カスタム名詞
熊谷組,熊谷組,クマガイグミ,カスタム名詞
燦ホールディングス,燦ホールディングス,サンホールディングス,カスタム名詞
片倉チッカリン,片倉チッカリン,カタクラチッカリン,カスタム名詞
片倉工業,片倉工業,カタクラコウギョウ,カスタム名詞
牧野フライス製作所,牧野フライス製作所,マキノフライスセイサクショ,カスタム名詞
物語コーポレーション,物語コーポレーション,モノガタリコーポレーション,カスタム名詞
特種東海製紙,特種東海製紙,トクシュトウカイセイシ,カスタム名詞
王子製紙,王子製紙,オウジセイシ,カスタム名詞
理想科学工業,理想科学工業,リソウカガクコウギョウ,カスタム名詞
理研計器,理研計器,リケンケイキ,カスタム名詞
琉球銀行,琉球銀行,リュウキュウギンコウ,カスタム名詞
生化学工業,生化学工業,セイカガクコウギョウ,カスタム名詞
田中商事,田中商事,タナカショウジ,カスタム名詞
田谷,田谷,タヤ,カスタム名詞
田辺三菱製薬,田辺三菱製薬,タナベミツビシセイヤク,カスタム名詞
白洋舎,白洋舎,ハクヨウシャ,カスタム名詞
白銅,白銅,ハクドウ,カスタム名詞
百五銀行,百五銀行,ヒャクゴギンコウ,カスタム名詞
百十四銀行,百十四銀行,ヒャクジュウシギンコウ,カスタム名詞
相鉄ホールディングス,相鉄ホールディングス,ソウテツホールディングス,カスタム名詞
矢作建設工業,矢作建設工業,ヤハギケンセツコウギョウ,カスタム名詞
石原産業,石原産業,イシハラサンギョウ,カスタム名詞
石塚硝子,石塚硝子,イシヅカガラス,カスタム名詞
石川製作所,石川製作所,イシカワセイサクショ,カスタム名詞
石油資源開発,石油資源開発,セキユシゲンカイハツ,カスタム名詞
神奈川中央交通,神奈川中央交通,カナガワチュウオウコウツウ,カスタム名詞
神戸製鋼所,神戸製鋼所,コウベセイコウジョ,カスタム名詞
神栄,神栄,シンエイ,カスタム名詞
神鋼商事,神鋼商事,シンコウショウジ,カスタム名詞
福井コンピュータ,福井コンピュータ,フクイコンピュータ,カスタム名詞
福山通運,福山通運,フクヤマツウウン,カスタム名詞
福島銀行,福島銀行,フクシマギンコウ,カスタム名詞
福田組,福田組,フクダグミ,カスタム名詞
秀英予備校,秀英予備校,シュウエイヨビコウ,カスタム名詞
秋田銀行,秋田銀行,アキタギンコウ,カスタム名詞
科研製薬,科研製薬,カケンセイヤク,カスタム名詞
稲葉製作所,稲葉製作所,イナバセイサクショ,カスタム名詞
積水ハウス,積水ハウス,セキスイハウス,カスタム名詞
積水化学工業,積水化学工業,セキスイカガクコウギョウ,カスタム名詞
積水化成品工業,積水化成品工業,セキスイカセイヒンコウギョウ,カスタム名詞
積水樹脂,積水樹脂,セキスイジュシ,カスタム名詞
立花エレテック,立花エレテック,タチバナエレテック,カスタム名詞
第一三共,第一三共,ダイイチサンキョウ,カスタム名詞
第一中央汽船,第一中央汽船,ダイイチチュウオウキセン,カスタム名詞
第一屋製パン,第一屋製パン,ダイイチヤセイパン,カスタム名詞
第一工業製薬,第一工業製薬,ダイイチコウギョウセイヤク,カスタム名詞
第一生命保険,第一生命保険,ダイイチセイメイホケン,カスタム名詞
第一精工,第一精工,ダイイチセイコウ,カスタム名詞
第三銀行,第三銀行,ダイサンギンコウ,カスタム名詞
第四銀行,第四銀行,ダイシギンコウ,カスタム名詞
筑波銀行,筑波銀行,ツクバギンコウ,カスタム名詞
米久,米久,ヨネキュウ,カスタム名詞
紀陽ホールディングス,紀陽ホールディングス,キノヨウホールディングス,カスタム名詞
綜合警備保障,綜合警備保障,ソウゴウケイビホショウ,カスタム名詞
総合メディカル,総合メディカル,ソウゴウメディカル,カスタム名詞
群栄化学工業,群栄化学工業,グンエイカガクコウギョウ,カスタム名詞
群馬銀行,群馬銀行,グンマギンコウ,カスタム名詞
肥後銀行,肥後銀行,ヒゴギンコウ,カスタム名詞
能美防災,能美防災,ノウミボウサイ,カスタム名詞
興銀リース,興銀リース,コウギンリース,カスタム名詞
船井総合研究所,船井総合研究所,フナイソウゴウケンキュウショ,カスタム名詞
船井電機,船井電機,フナイデンキ,カスタム名詞
良品計画,良品計画,リョウヒンケイカク,カスタム名詞
芙蓉総合リース,芙蓉総合リース,フヨウソウゴウリース,カスタム名詞
芝浦メカトロニクス,芝浦メカトロニクス,シバウラメカトロニクス,カスタム名詞
芦森工業,芦森工業,アシモリコウギョウ,カスタム名詞
花王,花王,カオウ,カスタム名詞
若築建設,若築建設,ワカチクケンセツ,カスタム名詞
荏原実業,荏原実業,エバラジツギョウ,カスタム名詞
荏原製作所,荏原製作所,エバラセイサクショ,カスタム名詞
荒川化学工業,荒川化学工業,アラカワカガクコウギョウ,カスタム名詞
葵プロモーション,葵プロモーション,アオイプロモーション,カスタム名詞
藤倉ゴム工業,藤倉ゴム工業,フジクラ・ゴム・コウギョウ,カスタム名詞
藤倉化成,藤倉化成,フジクラ・カセイ,カスタム名詞
藤森工業,藤森工業,フジモリコウギョウ,カスタム名詞
藤田観光,藤田観光,フジタカンコウ,カスタム名詞
蛇の目ミシン工業,蛇の目ミシン工業,ジャノメミシンコウギョウ,カスタム名詞
蝶理,蝶理,チョウリ,カスタム名詞
西日本シティ銀行,西日本シティ銀行,ニシニホンシティギンコウ,カスタム名詞
西日本旅客鉄道,西日本旅客鉄道,ニシニホンリョカクテツドウ,カスタム名詞
西日本鉄道,西日本鉄道,ニシニホンテツドウ,カスタム名詞
西松屋,西松屋,ニシマツヤ,カスタム名詞
西松建設,西松建設,ニシマツケンセツ,カスタム名詞
西華産業,西華産業,セイカサンギョウカブシキガイシャ,カスタム名詞
西部ガス,西部ガス,サイブガス,カスタム名詞
西部電気工業,西部電気工業,セイブデンキコウギョウ,カスタム名詞
角川グループホールディングス,角川グループホールディングス,カドカワグループホールディングス,カスタム名詞
豊和工業,豊和工業,ホウワコウギョウ,カスタム名詞
豊田合成,豊田合成,トヨダゴウセイ,カスタム名詞
豊田自動織機,豊田自動織機,トヨタジドウショッキ,カスタム名詞
豊田通商,豊田通商,トヨタツウショウ,カスタム名詞
資生堂,資生堂,シセイドウ,カスタム名詞
近畿日本ツーリスト,近畿日本ツーリスト,キンキニッポンツーリスト,カスタム名詞
近畿日本鉄道,近畿日本鉄道,キンキニッポンテツドウ,カスタム名詞
近畿車輛,近畿車輛,キンキシャリョウ,カスタム名詞
近鉄エクスプレス,近鉄エクスプレス,キンテツエクスプレス,カスタム名詞
進和,進和,シンワ,カスタム名詞
進学会,進学会,シンガクカイ,カスタム名詞
郵船ロジスティクス,郵船ロジスティクス,ユウセンロジスティクス,カスタム名詞
酉島製作所,酉島製作所,トリシマセイサクショ,カスタム名詞
酒井重工業,酒井重工業,サカイジュウコウギョウ,カスタム名詞
野村ホールディングス,野村ホールディングス,ノムラホールディングス,カスタム名詞
野村不動産ホールディングス,野村不動産ホールディングス,ノムラフドウサンホールディングス,カスタム名詞
野村総合研究所,野村総合研究所,ノムラソウゴウケンキュウショ,カスタム名詞
鉄建建設,鉄建建設,テッケンケンセツ,カスタム名詞
長府製作所,長府製作所,チョウフセイサクショ,カスタム名詞
長瀬産業,長瀬産業,ナガセサンギョウ,カスタム名詞
長谷川香料,長谷川香料,ハセガワコウリョウ,カスタム名詞
長谷工コーポレーション,長谷工コーポレーション,ハセコウコーポレーション,カスタム名詞
長野計器,長野計器,ナガノケイキ,カスタム名詞
長野銀行,長野銀行,ナガノギンコウ,カスタム名詞
間組,間組,ハザマグミ,カスタム名詞
関東天然瓦斯開発,関東天然瓦斯開発,カントウテンネンガスカイハツ,カスタム名詞
関西アーバン銀行,関西アーバン銀行,カンサイアーバンギンコウ,カスタム名詞
関西ペイント,関西ペイント,カンサイペイント,カスタム名詞
関西電力,関西電力,カンサイデンリョク,カスタム名詞
関電工,関電工,カンデンコウ,カスタム名詞
阪和興業,阪和興業,ハンワコウギョウ,カスタム名詞
阪急阪神ホールディングス,阪急阪神ホールディングス,ハンキュウハンシンホールディングス,カスタム名詞
阿波銀行,阿波銀行,アワギンコウ,カスタム名詞
雪印メグミルク,雪印メグミルク,ユキジルシメグミルク,カスタム名詞
電気化学工業,電気化学工業,デンキカガクコウギョウ,カスタム名詞
電源開発,電源開発,デンゲンカイハツ,カスタム名詞
電算システム,電算システム,デンサンシステム,カスタム名詞
電通,電通,デンツウ,カスタム名詞
電通国際情報サービス,電通国際情報サービス,デンツウコクサイジョウホウサービス,カスタム名詞
青山商事,青山商事,アオヤマショウジ,カスタム名詞
青木あすなろ建設,青木あすなろ建設,アオキアスナロケンセツ,カスタム名詞
青森銀行,青森銀行,アオモリギンコウ,カスタム名詞
静岡瓦斯,静岡瓦斯,シズオカガス,カスタム名詞
静岡銀行,静岡銀行,シズオカギンコウ,カスタム名詞
飛島建設,飛島建設,トビシマケンセツ,カスタム名詞
飯田産業,飯田産業,イイダサンギョウ,カスタム名詞
飯野海運,飯野海運,イイノカイウン,カスタム名詞
養命酒製造,養命酒製造,ヨウメイシュセイゾウ,カスタム名詞
駒井ハルテック,駒井ハルテック,コマイハルテック,カスタム名詞
高千穂交易,高千穂交易,タカチホコウエキ,カスタム名詞
高圧ガス工業,高圧ガス工業,コウアツガスコウギョウ,カスタム名詞
高岳製作所,高岳製作所,タカタケセイサクショ,カスタム名詞
高島,高島,タカシマ,カスタム名詞
高島屋,高島屋,タカシマヤ,カスタム名詞
高松コンストラクショングループ,高松コンストラクショングループ,タカマツコンストラクショングループ,カスタム名詞
高田機工,高田機工,タカダキコウ,カスタム名詞
高砂熱学工業,高砂熱学工業,タカサゴネツガクコウギョウ,カスタム名詞
高砂香料工業,高砂香料工業,タカサゴコウリョウコウギョウ,カスタム名詞
高速,高速,コウソク,カスタム名詞
鬼怒川ゴム工業,鬼怒川ゴム工業,キヌガワゴムコウギョウ,カスタム名詞
鳥取銀行,鳥取銀行,トットリギンコウ,カスタム名詞
鳥居薬品,鳥居薬品,トリイヤクヒン,カスタム名詞
鳥越製粉,鳥越製粉,トリゴエセイフン,カスタム名詞
鶴見製作所,鶴見製作所,ツルミセイサクショ,カスタム名詞
鹿児島銀行,鹿児島銀行,カゴシマギンコウ,カスタム名詞
鹿島建設,鹿島建設,カジマケンセツ,カスタム名詞
黒崎播磨,黒崎播磨,クロサキハリマ,カスタム名詞
黒田電気,黒田電気,クロダデンキ,カスタム名詞
